Company Name,Company Name for Emails,Account Stage,Lists,# Employees,Industry,Account Owner,Website,Company Linkedin Url,Facebook Url,Twitter Url,Company Street,Company City,Company State,Company Country,Company Postal Code,Company Address,Keywords,Company Phone,Technologies,Total Funding,Latest Funding,Latest Funding Amount,Last Raised At,Annual Revenue,Number of Retail Locations,Apollo Account Id,Apollo Record Id,SIC Codes,NAICS Codes,Short Description,Founded Year,Logo Url,Subsidiary of,Subsidiary of (Organization ID),Prerequisite: Research Target Company,Qualify Account,Prerequisite: Determine Research Guidelines
"Solvex Dominicana, SRL",Solvex Dominicana SRL,Cold,RD - Tech Companies,97,information technology & services,quezadadominguez@gmail.com,http://www.solvex.com.do,http://www.linkedin.com/company/solvexdo,https://facebook.com/solvexdo,https://twitter.com/solvexdo,Avenida Buenaventura Freites,Santo Domingo,Distrito Nacional,Dominican Republic,10602,"Avenida Buenaventura Freites, Santo Domingo, Distrito Nacional, Dominican Republic, 10602","office 365, windows metro store apps, aspnet mvc, html5, exchange online, microsoft azure, windows server, artificial inteligence, ai, modern workplace, fasttrack, puntual support, windows virtual desktop, data, android development, microsoft exchange, development, it services, windows azure, aspnet web forms, power bi, cloud it services, active directory, sql server, web aplication, devops, software development, software factory, remote work place, managed services, cloud enablement, windows phone development, application development, azure blob storage, aplicaciones web, azure, it consulting, business solutions, azure security center, hybrid cloud solutions, azure devops, energy efficiency, azure site recovery, microsoft partner, cloud computing, cloud security, automation tools, cybersecurity, azure data lake, data analytics, microsoft power platform, cloud services, microsoft 365, moodle integration azure, devops practices, scalable applications, services, security in cloud, computer systems design and related services, azure virtual desktop, software engineering, digital transformation, migración a la nube, azure backup, soluciones empresariales, cloud migration, azure functions, enterprise software, web development, microsoft 365 solutions, data & ai, cloud consulting, custom software, microsoft azure sap, servicios de nube, application modernization, content management systems, desarrollo de software, api development, b2b, information technology and services, government, cloud infrastructure, consulting, web applications, moodle in azure, e-commerce, education, non-profit, information technology & services, mobile, internet, app development, apps, management consulting, environmental services, renewables & environment, enterprises, computer software, internet infrastructure, consumer internet, consumers, nonprofit organization management",'+1 809-518-2345,"Apple Business Manager, Azure DNS Zones, Azure Front Door, Azure DNS, Apple School Manager, Sendgrid, Twilio SendGrid Email API, Microsoft Exchange Online, Outlook, Microsoft 365, Microsoft 365 Apps & Services, Microsoft Exchange, Office365, Microsoft Azure Hosting, Microsoft Power BI, Umbraco, Microsoft Azure, Freshdesk, Gusto","","","","","","",6a287e125731b300018389a1,6a287e125731b300018389a1,7375,54151,"Solvex Dominicana, SRL is a technology company based in Santo Domingo, Dominican Republic, founded in 2011. With additional offices in Guatemala and the United States, it specializes in cloud services and software development. The company employs around 91-97 people and generates approximately $6 million in annual revenue, establishing itself as a leader in digital transformation.

Solvex offers a wide range of IT services, including enterprise web and mobile application development, cloud enablement, and IT managed services. They provide solutions for enterprise content management, data analytics, and AI services, along with technology consulting and business continuity strategies. The company has developed proprietary products to enhance client processes and support cloud migrations, achieving significant growth in its offerings.

As a Microsoft Gold Partner, Solvex has received multiple awards, including Microsoft Partner of the Year. The company collaborates with other notable partners like Adobe and Veeam, and it has a strong commitment to social responsibility and education. CEO Stanley Lara leads the firm with a focus on innovation and delivering impactful solutions to clients.",2011,https://zenprospect-production.s3.amazonaws.com/uploads/pictures/69c3d3e89b9edf00017a9476/picture,"","","Detailed log of research steps taken
- Reviewed the target URL provided by the user, https://solvex.com.do, as the primary source of truth for the account identity and scope.
- Cross-checked the target domain against the supplied search results to avoid confusing it with similarly named companies or unrelated “Target” results; the available search results do not include a result for solvex.com.do.
- Compared the target against the ICP and disqualification criteria supplied in the prompt, focusing on observable signals that would matter for a QA outsourcing provider: software development activity, digital product work, hiring signals, and technology stack relevance.
- Used the limited available source set to verify that no directly relevant pages for solvex.com.do were surfaced in the provided search results, so no company-specific facts beyond the target URL itself could be confirmed from the search corpus.
- Because the search results are unrelated to solvex.com.do, no objective, source-grounded company findings could be extracted from them without risking misattribution.

Description of business and business model
- No verifiable company description for solvex.com.do could be established from the provided search results.
- The target domain suggests a Dominican Republic business, but the available results do not confirm whether Solvex operates software products, IT services, infrastructure services, or a non-software business.
- No source in the provided corpus identifies the company’s business model, customer base, product lines, or delivery structure.

Observed indicators of fit
- The only target-specific signal available is that the company uses a .com.do domain, which is consistent with a Dominican Republic presence and therefore geographically aligned with Innova Testing’s primary market.
- No publicly verifiable evidence was provided showing software product development, engineering teams, QA needs, mobile/web applications, or agile delivery practices.
- The identified job-opening theme of infrastructure is not, by itself, a strong indicator of QA outsourcing demand for software testing services, unless paired with evidence of software development or release activity.
- Because no direct evidence of software-building activity was surfaced, the account cannot currently be substantiated as a strong fit from the available materials.

Observed indicators of disqualification
- No source-backed evidence was found showing that Solvex develops software products, operates a digital platform, or has recurring testing needs across web or mobile environments.
- No evidence was surfaced of a software engineering team, QA function, agile tooling, or specific demand for QA automation, which are key qualification signals for Innova Testing.
- If Solvex is primarily an infrastructure-focused business rather than a software product company, that would weaken relevance for QA outsourcing; however, this cannot be confirmed from the provided results.
- No explicit indication was found that Solvex prefers fully internal teams or rejects outsourcing.

Relevant company news or updates identified
- No company-specific news, press releases, product announcements, or updates for solvex.com.do were identified in the provided search results.

Relevant technologies identified in tech stack
- azure_dns_zones
- azure_front_door
- azure_dns
- sendgrid
- twilio_sendgrid_email_api
- microsoft_exchange_online
- outlook
- microsoft_365
- microsoft_365_apps_services
- microsoft_exchange
- office365
- microsoft
- microsoft_power_bi
- umbraco
- microsoft_azure
- freshdesk
- gusto

Relevant job openings and hiring needs
- infrastructure",Not Enough Information,"reasoning_and_general_analysis
- Innova Testing is clearly represented by the sender context and the provided website domain, so the account should be analyzed as a QA outsourcing and software quality services provider in the Dominican Republic.
- The core offer is not generic software outsourcing; it is specifically focused on QA outsourcing, test automation, mobile/web testing, and IT project leadership integrated into client teams.
- The best-fit accounts are Dominican software builders or technology teams that need faster delivery, more testing capacity, or specialized QA leadership without hiring a full internal QA org.
- Since the site information available is limited and mostly homepage-level, the safest segmentation is based on observable company type, development activity, and hiring/technology signals rather than speculative internal pain points.
- The strongest fit signal is a company that actively ships software and therefore has recurring QA demand across releases, regression testing, and cross-platform validation.
- Companies with agile delivery practices, Jira/Azure DevOps usage, or public mentions of QA, automation, or mobile/web product work are especially relevant because they align with the service model described in the sender context.
- Companies in the Dominican Republic are the primary geographic target, but the offering can extend to nearby or international software firms if they have teams that can integrate remotely and need external QA support.
- The most valuable opportunities are likely firms that are scaling product delivery, launching new digital products, or repeatedly hiring for QA and automation roles, because those conditions suggest immediate demand and budget relevance.
- Companies that build software but insist on fully internal delivery models are weaker prospects, even if they fit the industry profile.
- Non-software businesses without a real application, platform, or product development function should be treated as poor fits because the service is built around integrating into software teams.

icp fit criteria
- Companies based in the Dominican Republic or serving the Dominican market, especially if they have software delivery teams or digital product groups.
- Firms in technology, software, IT services, SaaS, fintech, e-commerce, telecom, or digital product development where testing is part of the delivery process.
- Organizations with an internal engineering, development, or QA function that could benefit from external specialists embedded into the team.
- Teams using common delivery tooling such as Jira, Azure DevOps, or agile workflows, since the service is designed to integrate into those environments.
- Companies that release web apps, mobile apps, platforms, or custom software and therefore need repeated testing across browsers, devices, and environments.
- Businesses that appear large enough to have recurring releases but not so mature that they already operate a fully built-in QA center of excellence.
- Organizations that may need support in manual testing, regression testing, mobile validation, or coordinated QA execution but have not clearly standardized all of those capabilities in-house.
- Companies whose public materials show active product development, digital transformation, or multiple software releases per year.

high_value_fit_criteria
- Public job postings for QA analysts, test automation engineers, mobile testers, scrum masters, or QA leads, because they indicate current scaling pressure and likely demand for outsourced support.
- Evidence of rapid product growth, such as new app launches, feature-release announcements, or expansion of a digital platform that will increase testing volume.
- Companies that mention or show use of Selenium, Cypress, Appium, Jira, or Azure DevOps in their job posts, engineering pages, or technical content, since that aligns tightly with the service stack.
- Firms with multiple software products, multiple releases, or multi-platform apps because cross-browser and cross-device testing needs tend to grow with product complexity.
- Dominican companies undergoing digital transformation, modernization, or migration from manual processes to software-driven operations, since they often need short-term QA acceleration.
- Companies that publicly reference agile delivery, fast release cycles, or DevOps practices, because outsourced QA and automation usually deliver clearer ROI in those environments.
- Organizations with visible quality, stability, or UX-sensitive products such as banking, fintech, healthcare software, logistics platforms, or consumer apps.
- Accounts that appear to be building a team but have few or no dedicated QA hires, suggesting a gap that outsourcing can fill faster than internal hiring.
- Any company with a public need for mobile app validation on Android and iOS, as well as web compatibility testing, because those are core service strengths.
- Companies that have partnered publicly with technology vendors or integration partners and therefore may be open to external specialized service relationships.

disqualification_criteria
- Companies that do not develop or operate software products, including businesses whose websites show only informational, offline, or non-digital operations.
- Organizations that explicitly state a preference for 100% internal teams and no outsourcing for QA or development work.
- Businesses outside the relevant operating model, such as firms with no recurring software releases, no application layer, or no need for testing across web or mobile environments.
- Very small companies with no evidence of a development functio"
"GCS International, LTD",GCS International,Cold,RD - Tech Companies,130,information technology & services,quezadadominguez@gmail.com,http://www.gcs-international.com,http://www.linkedin.com/company/gcs-systems-ltd,https://facebook.com/gcsinternationalltd,https://twitter.com/GCS_Int,"",Santo Domingo,National District,Dominican Republic,10149,"Santo Domingo, National District, Dominican Republic, 10149","transacciones moviles, payments, pagos, banks, mobile, solutions, mobile money, pagos moviles, mobile banking, recaudacion de pagos, procesamiento de pagos, telco, subagentes bancarios, soluciones moviles, it services & it consulting, adaptability, banking technology, plataforma móvil, services, financial inclusion, payment processing, scalability, soluciones para bancos y comercios, microseguros en móvil, fintech solutions, mobile wallet, flexibility, microfinanzas digitales, b2b, digital transformation, recargas móviles, inclusión financiera, d2c, retail, financial transactions processing, reserve, and clearinghouse activities, user experience, api integration, large-scale transaction processing, customer trust, government, financial technology, data security, software development, regional expansion, transacciones electrónicas, payment solutions, billeteras digitales, microseguros, procesamiento de microtransacciones, digital banking, donaciones digitales, technology innovation, acceso financiero en zonas rurales, pagos digitales, transformación digital, innovación financiera, financial services, e-commerce, b2c, mobile payments, regulatory compliance, alliances with mastercard and microsoft, security standards, ecosystem of partners, transacciones p2p, fintech, alianzas estratégicas fintech, finance, non-profit, distribution, transportation & logistics, internet, information technology & services, ux, finance technology, computer & network security, consumer internet, consumers, nonprofit organization management",'+1 809-732-2525,"Route 53, Outlook, Microsoft Office 365, Mobile Friendly, Wordpress, Google Maps, Google Maps Platform, WordPress.org, Viewport Meta, Apache, Imperva, Google Analytics, Imperva Web Application Firewall (WAF), Facebook, Google Font API, WPML, AIOSEO, HREF Lang, Gusto, Data Analytics","",Merger / Acquisition,0,2023-09-01,5500000,"",6a2880b2780af90001b40f88,6a2880b2780af90001b40f88,7375,52232,"GCS International is a prominent fintech company based in the Dominican Republic, founded in 2009. The company specializes in mobile payment platforms and technology for processing large-scale financial transactions, aiming to drive digital transformation in Latin America. GCS International launched its first mobile platform, tPago, in 2010, which allows users to check balances, make payments, and transfer money securely.

With a strong track record, GCS International has processed over 675 million transactions and operates in the Dominican Republic and Guatemala. The company collaborates with around 90 businesses, focusing on innovation and security to promote financial inclusion. In September 2023, GCS International was acquired by Popular Group, enhancing its capabilities for merchants and users. The company employs approximately 123 people and generates around $6 million in revenue, establishing itself as a key player in mobile financial solutions and international corporate projects in the region.",2009,https://zenprospect-production.s3.amazonaws.com/uploads/pictures/679d0802c493bb0001ddba8d/picture,Grupo Popular (grupopopular.com),63d5b02c25d83300018450b3,"Detailed log of research steps taken
- Began by treating the target URL as https://gcs-international.com and using the provided company context to frame the search around a Dominican Republic–oriented QA outsourcing and software quality services provider.
- Reviewed the only explicitly provided target-company source context for Innova Testing, which described its services, ICP, and tech stack relevance; used this as the qualification lens for the target account.
- Examined the supplied search results list for the target domain, but the results shown are overwhelmingly for Target Corporation / Target Group and do not appear to correspond to gcs-international.com.
- Noted that no search result in the provided set clearly identified gcs-international.com or exposed pages such as About, Services, Careers, Customers, Pricing, or job postings for that specific domain.
- Because the search results did not surface the correct target website, I could not reliably extract company-specific facts from the requested domain without risking misattribution.
- The only company-specific hiring signal provided in the prompt was “<no job postings found>” for gcs-international.com, which I treated as a negative/empty hiring signal rather than inferred data.

Description of business and business model
- No verifiable business description could be confirmed from the provided search results for gcs-international.com.
- The available results appear to refer to other companies with similar names, especially Target Corporation and Target Group, rather than the requested domain.
- As a result, no objective statement can be made here about whether the target company develops software, sells services, operates a platform, or fits any specific business model.

Observed indicators of fit
- No direct indicators of fit were found for gcs-international.com in the provided search results.
- There is no confirmed evidence of software development activity, QA needs, agile tooling, mobile/web product releases, or Dominican Republic market alignment for the requested domain.
- The only potentially relevant signal is the absence of job postings found, which does not support a clear current need for QA outsourcing.
- Based on the available evidence, no high-confidence fit indicators can be documented.

Observed indicators of disqualification
- No direct disqualification criteria can be confirmed from the provided results because the correct company profile was not identified.
- There is no evidence in the supplied material that gcs-international.com operates software products or has an internal development function.
- There is also no evidence that it is a Dominican software company or that it has a need for outsourced QA, so ICP alignment cannot be established from the available information.
- The lack of identifiable company pages or hiring signals in the provided results limits any stronger qualification or disqualification statement.

Relevant company news or updates identified
- No company-specific news or updates for gcs-international.com were identified in the provided search results.
- The search results shown do not appear to belong to the requested domain and therefore cannot be used as evidence of updates for this account.

Relevant technologies identified in tech stack
- WordPress
- Apache
- Imperva
- Imperva Web Application Firewall (WAF)
- Google Analytics
- Google Maps
- Google Maps Platform
- Outlook
- Office 365
- Mobile friendly
- Viewport meta
- Facebook
- Google Font API
- WPML
- AIOSEO
- hreflang
- Gusto
- data analytics

Relevant job openings and hiring needs
- No relevant job openings were found for gcs-international.com.",Not Enough Information,"reasoning_and_general_analysis
- Innova Testing is clearly represented by the sender context and the provided website domain, so the account should be analyzed as a QA outsourcing and software quality services provider in the Dominican Republic.
- The core offer is not generic software outsourcing; it is specifically focused on QA outsourcing, test automation, mobile/web testing, and IT project leadership integrated into client teams.
- The best-fit accounts are Dominican software builders or technology teams that need faster delivery, more testing capacity, or specialized QA leadership without hiring a full internal QA org.
- Since the site information available is limited and mostly homepage-level, the safest segmentation is based on observable company type, development activity, and hiring/technology signals rather than speculative internal pain points.
- The strongest fit signal is a company that actively ships software and therefore has recurring QA demand across releases, regression testing, and cross-platform validation.
- Companies with agile delivery practices, Jira/Azure DevOps usage, or public mentions of QA, automation, or mobile/web product work are especially relevant because they align with the service model described in the sender context.
- Companies in the Dominican Republic are the primary geographic target, but the offering can extend to nearby or international software firms if they have teams that can integrate remotely and need external QA support.
- The most valuable opportunities are likely firms that are scaling product delivery, launching new digital products, or repeatedly hiring for QA and automation roles, because those conditions suggest immediate demand and budget relevance.
- Companies that build software but insist on fully internal delivery models are weaker prospects, even if they fit the industry profile.
- Non-software businesses without a real application, platform, or product development function should be treated as poor fits because the service is built around integrating into software teams.

icp fit criteria
- Companies based in the Dominican Republic or serving the Dominican market, especially if they have software delivery teams or digital product groups.
- Firms in technology, software, IT services, SaaS, fintech, e-commerce, telecom, or digital product development where testing is part of the delivery process.
- Organizations with an internal engineering, development, or QA function that could benefit from external specialists embedded into the team.
- Teams using common delivery tooling such as Jira, Azure DevOps, or agile workflows, since the service is designed to integrate into those environments.
- Companies that release web apps, mobile apps, platforms, or custom software and therefore need repeated testing across browsers, devices, and environments.
- Businesses that appear large enough to have recurring releases but not so mature that they already operate a fully built-in QA center of excellence.
- Organizations that may need support in manual testing, regression testing, mobile validation, or coordinated QA execution but have not clearly standardized all of those capabilities in-house.
- Companies whose public materials show active product development, digital transformation, or multiple software releases per year.

high_value_fit_criteria
- Public job postings for QA analysts, test automation engineers, mobile testers, scrum masters, or QA leads, because they indicate current scaling pressure and likely demand for outsourced support.
- Evidence of rapid product growth, such as new app launches, feature-release announcements, or expansion of a digital platform that will increase testing volume.
- Companies that mention or show use of Selenium, Cypress, Appium, Jira, or Azure DevOps in their job posts, engineering pages, or technical content, since that aligns tightly with the service stack.
- Firms with multiple software products, multiple releases, or multi-platform apps because cross-browser and cross-device testing needs tend to grow with product complexity.
- Dominican companies undergoing digital transformation, modernization, or migration from manual processes to software-driven operations, since they often need short-term QA acceleration.
- Companies that publicly reference agile delivery, fast release cycles, or DevOps practices, because outsourced QA and automation usually deliver clearer ROI in those environments.
- Organizations with visible quality, stability, or UX-sensitive products such as banking, fintech, healthcare software, logistics platforms, or consumer apps.
- Accounts that appear to be building a team but have few or no dedicated QA hires, suggesting a gap that outsourcing can fill faster than internal hiring.
- Any company with a public need for mobile app validation on Android and iOS, as well as web compatibility testing, because those are core service strengths.
- Companies that have partnered publicly with technology vendors or integration partners and therefore may be open to external specialized service relationships.

disqualification_criteria
- Companies that do not develop or operate software products, including businesses whose websites show only informational, offline, or non-digital operations.
- Organizations that explicitly state a preference for 100% internal teams and no outsourcing for QA or development work.
- Businesses outside the relevant operating model, such as firms with no recurring software releases, no application layer, or no need for testing across web or mobile environments.
- Very small companies with no evidence of a development functio"
CECOMSA,CECOMSA,Cold,RD - Tech Companies,290,information technology & services,quezadadominguez@gmail.com,http://www.cecomsa.com,http://www.linkedin.com/company/cecomsa--centro-especializado-de-computadoras,https://www.facebook.com/CECOMSA/,https://twitter.com/CecomsaRD,Avenida Romulo Betancourt,Santo Domingo,Distrito Nacional,Dominican Republic,"","Avenida Romulo Betancourt, Santo Domingo, Distrito Nacional, Dominican Republic","soluciones, almacenamiento, asesoria, reparacion, entretenimiento, servicio al cliente, equipos tecnologicos, hp, lenovo, tecnologia, microsoft, soluciones empresariales, ventas, ciberseguridad, asistencia, canon, apple, linea blanca, financiamiento, dell, it services & it consulting, software solutions, refrigerators, retail, office furniture and supplies, networking equipment, accessories, computers and accessories, industrial networking equipment, computers, security cameras and alarms, toners, office automation, security cameras, tablets, gaming products, electronics, microwaves, network devices, it and networking equipment, cybersecurity, home appliance bundles, b2c, customer service, payment options, e-commerce, software, b2b, smart home devices, store locations, consumer electronics, networking hardware, network security devices, access control, office furniture sets, industrial automation, electronics retail, desktops, monitors, smart home accessories, cartridges, security systems, office supplies, delivery services, laptops, gaming laptops, it security, office equipment, cloud solutions, ecommerce, office furniture, water dispensers, air conditioners, printer consumables, home appliances, it solutions, industrial equipment, printers, online store, services, audio and sound equipment, it infrastructure, consumer products & retail, entertainment, technology, information technology & services, mobile devices, mobile, internet, computer hardware, hardware, consumer internet, consumers, mechanical or industrial engineering, computer & network security, cloud computing, enterprise software, enterprises, computer software",'+1 809-581-5288,"Cloudflare DNS, Outlook, CloudFlare Hosting, Microsoft Power BI, Slack, WordPress.org, Apache, Google Font API, Facebook Widget, Facebook Login (Connect), Mobile Friendly, Google Tag Manager, Facebook Custom Audiences, Gusto","","","","","","",6a2880b2780af90001b40f8d,6a2880b2780af90001b40f8d,5734,"","CECOMSA is a technology retailer based in the Dominican Republic, specializing in computer hardware, office supplies, and electronics. The company offers a wide range of products through its online store and several physical locations, including Tienda Rómulo, Tienda Tiradentes, Tienda Gurabo, Tienda El Portal, and an Edificio Corporativo. CECOMSA focuses on providing solutions for gamers, office setups, and general consumers, featuring items for computing, networking, and audio-visual needs.

In addition to its diverse inventory, CECOMSA provides personalized technical services for computers and office equipment. Customers can take advantage of interest-free online financing through Cecomsa Financial. The company also offers helpdesk support, ensuring assistance with ticket ratings and frequently asked questions. CECOMSA is dedicated to equipping offices and enhancing user experiences with quality products and services.",1987,https://zenprospect-production.s3.amazonaws.com/uploads/pictures/679ec9cf285b8500019161e1/picture,"","","Detailed log of research steps taken
- Reviewed the target URL provided by the user: https://cecomsa.com, with the objective of identifying indicators relevant to QA outsourcing qualification or disqualification.
- Cross-checked the company identity against the target domain to avoid confusion with similarly named firms.
- Evaluated the available search results and noted that the provided search bundle did not include direct company-page snippets from cecomsa.com; the visible results were unrelated research-tool pages and not useful for company qualification.
- Used the user-provided context about the target company’s tech stack and the qualification criteria to determine which observed website or hiring signals would matter most for this account type.
- Because no direct page content, product pages, about pages, news pages, or job postings from cecomsa.com were included in the available results, the report is limited to objectively observable items from the user-supplied context and the absence of surfaced job openings.
- The only directly stated hiring signal in the prompt was that no job postings were found for cecomsa.com.

Description of business and business model
Cecomsa is the target company at cecomsa.com, but the provided search results do not expose its website content, so its business model cannot be verified from the supplied evidence. Based on the user prompt alone, no explicit software-development, SaaS, or QA-related services were surfaced. No direct evidence of how the company generates revenue, what products it sells, or whether it operates software delivery teams was available in the accessible results.

Observed indicators of fit
The only concrete fit-related signal available is the absence of public job openings, which means there is no visible current demand signal for QA, test automation, or QA leadership roles. No evidence was surfaced showing software development activity, app releases, mobile/web product work, or QA tooling such as Jira, Azure DevOps, Selenium, Cypress, or Appium. As a result, the available evidence is insufficient to confirm alignment with Innova Testing’s ICP.

Observed indicators of disqualification
No direct disqualification evidence was surfaced from the accessible results, such as a stated preference for fully internal QA teams or a non-software business model. However, the lack of any visible software, engineering, QA, or product-development signals in the provided material means there is no objective confirmation that the account matches a software-building organization. The absence of job postings also removes one of the strongest qualification signals for outsourced QA support.

Relevant company news or updates identified
- No company news, product updates, release announcements, or public announcements from cecomsa.com were surfaced in the provided search results.
- No case studies, customer stories, press releases, or engineering announcements were available in the accessible material.
- No public hiring announcements were identified.

Relevant technologies identified in tech stack
- cloudflare_dns
- outlook
- cloudflare_hosting
- microsoft_power_bi
- slack
- facebook_widget
- facebook_login
- google_font_api
- flix_media
- cvent
- wordpress_org
- facebook_web_custom_audiences
- apache
- google_tag_manager
- mobile_friendly
- gravity_forms
- gusto

Relevant job openings and hiring needs
- No relevant job openings were found for cecomsa.com.",Not Enough Information,"reasoning_and_general_analysis
- Innova Testing is clearly represented by the sender context and the provided website domain, so the account should be analyzed as a QA outsourcing and software quality services provider in the Dominican Republic.
- The core offer is not generic software outsourcing; it is specifically focused on QA outsourcing, test automation, mobile/web testing, and IT project leadership integrated into client teams.
- The best-fit accounts are Dominican software builders or technology teams that need faster delivery, more testing capacity, or specialized QA leadership without hiring a full internal QA org.
- Since the site information available is limited and mostly homepage-level, the safest segmentation is based on observable company type, development activity, and hiring/technology signals rather than speculative internal pain points.
- The strongest fit signal is a company that actively ships software and therefore has recurring QA demand across releases, regression testing, and cross-platform validation.
- Companies with agile delivery practices, Jira/Azure DevOps usage, or public mentions of QA, automation, or mobile/web product work are especially relevant because they align with the service model described in the sender context.
- Companies in the Dominican Republic are the primary geographic target, but the offering can extend to nearby or international software firms if they have teams that can integrate remotely and need external QA support.
- The most valuable opportunities are likely firms that are scaling product delivery, launching new digital products, or repeatedly hiring for QA and automation roles, because those conditions suggest immediate demand and budget relevance.
- Companies that build software but insist on fully internal delivery models are weaker prospects, even if they fit the industry profile.
- Non-software businesses without a real application, platform, or product development function should be treated as poor fits because the service is built around integrating into software teams.

icp fit criteria
- Companies based in the Dominican Republic or serving the Dominican market, especially if they have software delivery teams or digital product groups.
- Firms in technology, software, IT services, SaaS, fintech, e-commerce, telecom, or digital product development where testing is part of the delivery process.
- Organizations with an internal engineering, development, or QA function that could benefit from external specialists embedded into the team.
- Teams using common delivery tooling such as Jira, Azure DevOps, or agile workflows, since the service is designed to integrate into those environments.
- Companies that release web apps, mobile apps, platforms, or custom software and therefore need repeated testing across browsers, devices, and environments.
- Businesses that appear large enough to have recurring releases but not so mature that they already operate a fully built-in QA center of excellence.
- Organizations that may need support in manual testing, regression testing, mobile validation, or coordinated QA execution but have not clearly standardized all of those capabilities in-house.
- Companies whose public materials show active product development, digital transformation, or multiple software releases per year.

high_value_fit_criteria
- Public job postings for QA analysts, test automation engineers, mobile testers, scrum masters, or QA leads, because they indicate current scaling pressure and likely demand for outsourced support.
- Evidence of rapid product growth, such as new app launches, feature-release announcements, or expansion of a digital platform that will increase testing volume.
- Companies that mention or show use of Selenium, Cypress, Appium, Jira, or Azure DevOps in their job posts, engineering pages, or technical content, since that aligns tightly with the service stack.
- Firms with multiple software products, multiple releases, or multi-platform apps because cross-browser and cross-device testing needs tend to grow with product complexity.
- Dominican companies undergoing digital transformation, modernization, or migration from manual processes to software-driven operations, since they often need short-term QA acceleration.
- Companies that publicly reference agile delivery, fast release cycles, or DevOps practices, because outsourced QA and automation usually deliver clearer ROI in those environments.
- Organizations with visible quality, stability, or UX-sensitive products such as banking, fintech, healthcare software, logistics platforms, or consumer apps.
- Accounts that appear to be building a team but have few or no dedicated QA hires, suggesting a gap that outsourcing can fill faster than internal hiring.
- Any company with a public need for mobile app validation on Android and iOS, as well as web compatibility testing, because those are core service strengths.
- Companies that have partnered publicly with technology vendors or integration partners and therefore may be open to external specialized service relationships.

disqualification_criteria
- Companies that do not develop or operate software products, including businesses whose websites show only informational, offline, or non-digital operations.
- Organizations that explicitly state a preference for 100% internal teams and no outsourcing for QA or development work.
- Businesses outside the relevant operating model, such as firms with no recurring software releases, no application layer, or no need for testing across web or mobile environments.
- Very small companies with no evidence of a development functio"
Inica Instalaciones S.A.,Inica Instalaciones S.A,Cold,RD - Tech Companies,74,information technology & services,quezadadominguez@gmail.com,http://www.inica.com.do,http://www.linkedin.com/company/inicard,"","","",Santo Domingo,National District,Dominican Republic,"","Santo Domingo, National District, Dominican Republic","engineering services, electrical engineering, water treatment, ingeniería en construcción, normas americanas, urban sanitation infrastructure, talent development, proteccion contra incendios, services, fire suppression systems, republica dominicana, construction, water treatment plants, norma nfpa, caribe, climatizacion, normas une, hvac, urban infrastructure, building systems, water piping systems, caribbean construction, instalaciones electromecanicas, hvac energy optimization, civil engineering, project management, fire detection systems, b2b, normas europeas, normas nec, sustainable solutions, normas internacionales, instalaciones electricas, hvac installations, building automation, hvac vrf systems, water infrastructure, electrical installations, industrial installations, renewable energy, fire protection, proyectos de construcción, calidad, mechanical engineering, high technology, energy efficiency, fire protection systems, experiencia, industrial water systems, electrical safety compliance, sanitary installations, plumbing services, quality standards, construction projects, sustainability, building services, automation, instalaciones sanitarias, electromechanical installations, industrial automation, servicios integrales, electrical contractors and other wiring installation contractors, distribution, energy & utilities, information technology & services, productivity, clean energy & technology, environmental services, renewables & environment, government administration, mechanical or industrial engineering",'+1 809-563-2343,"Outlook, Microsoft Office 365, GoDaddy Hosting, Woo Commerce, Bootstrap Framework, WordPress.org, Google Font API, Mobile Friendly, Vimeo, Apache","","","","","","",6a2880b2780af90001b40f90,6a2880b2780af90001b40f90,1731,23821,Instalaciones Electromecánicas para Proyectos de Ingeniería en Construcción en República Dominicana y todo El Caribe.,"",https://zenprospect-production.s3.amazonaws.com/uploads/pictures/675c182b9770200001290c9d/picture,"","","Detailed log of research steps taken
- Started with the target URL provided: https://inica.com.do, and treated it as the primary source to verify the correct company identity.
- Reviewed the supplied context about Innova Testing to understand the qualification lens: Dominican Republic software companies, QA outsourcing, test automation, mobile/web testing, and project leadership.
- Checked the provided search results, but the available results were unrelated to inica.com.do and appeared to be generic tooling/content about company URL finding and research workflows rather than the target company itself.
- Based on the materials available in this prompt, no corroborating third-party pages, company pages, or job postings for inica.com.do were present to validate business model, hiring signals, or technology usage beyond the tech stack supplied in the prompt.
- Because the prompt did not include crawled page text from inica.com.do, the report below is limited to explicitly provided facts and observable inferences from the domain and tech stack metadata.

Description of business and business model
The target company URL is inica.com.do, but no page content from that site was provided in the search results to directly identify the business. The only concrete company information available in the prompt is the supplied tech stack metadata, which includes WordPress, WooCommerce, and mobile-friendly site components. No explicit evidence of software development, QA operations, or product delivery was provided in the accessible results.

Observed indicators of fit
The available metadata shows a business website built on WordPress and WooCommerce, which can indicate an operational commercial website with digital activity. The mobile_friendly and WooCommerce signals suggest the company may operate an online storefront or customer-facing digital presence, but there is no explicit evidence of software product development or an internal engineering team. No QA, automation, Jira, Azure DevOps, or agile delivery signals were present in the accessible information.

Observed indicators of disqualification
No evidence was found in the accessible materials that inica.com.do develops software, ships applications, or maintains a dedicated technology organization. The presence of WordPress/WooCommerce alone is not enough to confirm a software builder profile, and the available information does not show recurring releases, testing needs, or a development team. There were also no job postings, which means there is no hiring signal for QA, automation, or related roles.

Relevant company news or updates identified
- No company news, press releases, product announcements, or site updates for inica.com.do were present in the provided search results.
- No public announcements about software launches, platform expansion, partnerships, or digital transformation were identified in the accessible materials.

Relevant technologies identified in tech stack
- WordPress
- WooCommerce
- Bootstrap Framework
- Mobile Friendly
- Google Font API
- Vimeo
- Apache
- GoDaddy Hosting
- Office 365
- Outlook

Relevant job openings and hiring needs
- No relevant job openings were found or provided for inica.com.do.",Not Enough Information,"reasoning_and_general_analysis
- Innova Testing is clearly represented by the sender context and the provided website domain, so the account should be analyzed as a QA outsourcing and software quality services provider in the Dominican Republic.
- The core offer is not generic software outsourcing; it is specifically focused on QA outsourcing, test automation, mobile/web testing, and IT project leadership integrated into client teams.
- The best-fit accounts are Dominican software builders or technology teams that need faster delivery, more testing capacity, or specialized QA leadership without hiring a full internal QA org.
- Since the site information available is limited and mostly homepage-level, the safest segmentation is based on observable company type, development activity, and hiring/technology signals rather than speculative internal pain points.
- The strongest fit signal is a company that actively ships software and therefore has recurring QA demand across releases, regression testing, and cross-platform validation.
- Companies with agile delivery practices, Jira/Azure DevOps usage, or public mentions of QA, automation, or mobile/web product work are especially relevant because they align with the service model described in the sender context.
- Companies in the Dominican Republic are the primary geographic target, but the offering can extend to nearby or international software firms if they have teams that can integrate remotely and need external QA support.
- The most valuable opportunities are likely firms that are scaling product delivery, launching new digital products, or repeatedly hiring for QA and automation roles, because those conditions suggest immediate demand and budget relevance.
- Companies that build software but insist on fully internal delivery models are weaker prospects, even if they fit the industry profile.
- Non-software businesses without a real application, platform, or product development function should be treated as poor fits because the service is built around integrating into software teams.

icp fit criteria
- Companies based in the Dominican Republic or serving the Dominican market, especially if they have software delivery teams or digital product groups.
- Firms in technology, software, IT services, SaaS, fintech, e-commerce, telecom, or digital product development where testing is part of the delivery process.
- Organizations with an internal engineering, development, or QA function that could benefit from external specialists embedded into the team.
- Teams using common delivery tooling such as Jira, Azure DevOps, or agile workflows, since the service is designed to integrate into those environments.
- Companies that release web apps, mobile apps, platforms, or custom software and therefore need repeated testing across browsers, devices, and environments.
- Businesses that appear large enough to have recurring releases but not so mature that they already operate a fully built-in QA center of excellence.
- Organizations that may need support in manual testing, regression testing, mobile validation, or coordinated QA execution but have not clearly standardized all of those capabilities in-house.
- Companies whose public materials show active product development, digital transformation, or multiple software releases per year.

high_value_fit_criteria
- Public job postings for QA analysts, test automation engineers, mobile testers, scrum masters, or QA leads, because they indicate current scaling pressure and likely demand for outsourced support.
- Evidence of rapid product growth, such as new app launches, feature-release announcements, or expansion of a digital platform that will increase testing volume.
- Companies that mention or show use of Selenium, Cypress, Appium, Jira, or Azure DevOps in their job posts, engineering pages, or technical content, since that aligns tightly with the service stack.
- Firms with multiple software products, multiple releases, or multi-platform apps because cross-browser and cross-device testing needs tend to grow with product complexity.
- Dominican companies undergoing digital transformation, modernization, or migration from manual processes to software-driven operations, since they often need short-term QA acceleration.
- Companies that publicly reference agile delivery, fast release cycles, or DevOps practices, because outsourced QA and automation usually deliver clearer ROI in those environments.
- Organizations with visible quality, stability, or UX-sensitive products such as banking, fintech, healthcare software, logistics platforms, or consumer apps.
- Accounts that appear to be building a team but have few or no dedicated QA hires, suggesting a gap that outsourcing can fill faster than internal hiring.
- Any company with a public need for mobile app validation on Android and iOS, as well as web compatibility testing, because those are core service strengths.
- Companies that have partnered publicly with technology vendors or integration partners and therefore may be open to external specialized service relationships.

disqualification_criteria
- Companies that do not develop or operate software products, including businesses whose websites show only informational, offline, or non-digital operations.
- Organizations that explicitly state a preference for 100% internal teams and no outsourcing for QA or development work.
- Businesses outside the relevant operating model, such as firms with no recurring software releases, no application layer, or no need for testing across web or mobile environments.
- Very small companies with no evidence of a development functio"
iQtek - Consultora de Tecnología,iQtek,Cold,RD - Tech Companies,97,information technology & services,quezadadominguez@gmail.com,http://www.iqteksolutions.com,http://www.linkedin.com/company/iqtek-solutions,https://facebook.com/iqteksolutions,https://twitter.com/IqtekSolutions,Arroyo Hondo,"",Santo Domingo,Dominican Republic,10701,"Arroyo Hondo, Santo Domingo, Dominican Republic, 10701","it services & it consulting, technology consulting, security compliance, consulting, managed services, digital experience, regulatory compliance, non-profit organizations, certified technology company, iot, machine learning, ciberseguridad, advanced threat detection, information technology and services, software defined data centers, artificial intelligence, it consulting, network security, cloud security, digital innovation, ai-powered data management, custom software development, virtualization, data analytics, it, security solutions, risk management, alianzas estratégicas, regional tech leader, computer systems design and related services, educational services, convergence technology, government, hyperconvergence, soluciones tecnológicas, data security, data centers, transformación digital, csirt services, regional presence, b2b, procesamiento de datos, cybersecurity, big data, iot solutions, data processing, ia, software solutions, software development, innovación digital, cloud services, system integration, digital experience platforms, security operations, customer experience, services, cloud computing, digital transformation, cloud hybrid solutions, customer engagement, certificaciones internacionales, microsegmentation, education, non-profit, information technology & services, management consulting, nonprofit organization management, computer & network security, internet service providers, enterprise software, enterprises, computer software",'+1 809-540-4250,"Cloudflare DNS, Amazon SES, Outlook, MailChimp SPF, CloudFlare Hosting, CloudFlare, Slack, Salesforce, WordPress.org, Mobile Friendly, Google Tag Manager, Google Font API, Gusto","","","","",2457000,"",6a287e125731b300018389a3,6a287e125731b300018389a3,7375,54151,"iQtek Solutions is a technology consulting company based in the Dominican Republic, with additional offices in Puerto Rico, Panama, Guatemala, and El Salvador. The firm focuses on helping organizations across various sectors succeed in their digital evolution. With expertise in transforming business models and optimizing operations, iQtek Solutions enhances customer experiences through digital transformation initiatives.

The company offers a range of services, including technology consulting, digital transformation strategy, artificial intelligence, IT services, cybersecurity solutions, and data center and cloud solutions. iQtek Solutions is recognized as a partner of major technology providers like Google Cloud and has received accolades from NetApp for its consulting services. With an annual revenue of approximately $27.2 million, iQtek Solutions is committed to supporting organizations in modernizing their operations and improving their digital capabilities.",2012,https://zenprospect-production.s3.amazonaws.com/uploads/pictures/675f77c5d6ce830001251da2/picture,"","","Detailed log of research steps taken
- Reviewed the target URL provided in the prompt: https://iqteksolutions.com.
- Cross-checked the company identity against the context: the target appears to be IQTek Solutions, not a similarly named unrelated business.
- Used the limited research inputs available in the prompt, which indicate there are no job postings found for the target.
- No page-specific content from iqteksolutions.com was provided in the search results, so no additional site pages, press releases, case studies, or hiring pages could be verified from the source material supplied.
- Because the instruction required objective reporting based on explicit evidence, only the verified signals from the prompt and URL identity could be used.

Description of business and business model
IQTek Solutions is identified by the provided URL as a technology-oriented company, but the supplied research material does not include enough verified website content to describe its products, services, or revenue model with confidence. No specific offering areas, customer segments, or market positioning are explicitly documented in the provided results. Based on the available evidence, the account cannot be fully characterized beyond its association with the iqteksolutions.com domain.

Observed indicators of fit
The available information does not show whether IQTek Solutions develops software, operates digital products, or maintains an internal engineering team, so there are no explicit fit signals tied to QA outsourcing. There are also no verified indicators of Agile tooling, QA processes, mobile/web product development, or test automation needs in the provided material. Because no job postings were found, there is no hiring evidence pointing to current QA scaling pressure.

Observed indicators of disqualification
There is not enough verified evidence to confirm any disqualification criteria such as being non-software, fully internal-only, or outside the Dominican Republic market. However, the lack of public detail means there are also no explicit qualification signals confirming a software delivery operation that would benefit from outsourced QA. The absence of job postings reduces visibility into whether the company has active testing or automation needs.

Relevant company news or updates identified

Relevant technologies identified in tech stack
- cloudflare_dns
- amazon_ses
- outlook
- mailchimp_spf
- cloudflare_hosting
- cloudflare
- slack
- salesforce
- wordpress_org
- mobile_friendly
- google_tag_manager
- google_font_api
- gusto

Relevant job openings and hiring needs

",Not Enough Information,"reasoning_and_general_analysis
- Innova Testing is clearly represented by the sender context and the provided website domain, so the account should be analyzed as a QA outsourcing and software quality services provider in the Dominican Republic.
- The core offer is not generic software outsourcing; it is specifically focused on QA outsourcing, test automation, mobile/web testing, and IT project leadership integrated into client teams.
- The best-fit accounts are Dominican software builders or technology teams that need faster delivery, more testing capacity, or specialized QA leadership without hiring a full internal QA org.
- Since the site information available is limited and mostly homepage-level, the safest segmentation is based on observable company type, development activity, and hiring/technology signals rather than speculative internal pain points.
- The strongest fit signal is a company that actively ships software and therefore has recurring QA demand across releases, regression testing, and cross-platform validation.
- Companies with agile delivery practices, Jira/Azure DevOps usage, or public mentions of QA, automation, or mobile/web product work are especially relevant because they align with the service model described in the sender context.
- Companies in the Dominican Republic are the primary geographic target, but the offering can extend to nearby or international software firms if they have teams that can integrate remotely and need external QA support.
- The most valuable opportunities are likely firms that are scaling product delivery, launching new digital products, or repeatedly hiring for QA and automation roles, because those conditions suggest immediate demand and budget relevance.
- Companies that build software but insist on fully internal delivery models are weaker prospects, even if they fit the industry profile.
- Non-software businesses without a real application, platform, or product development function should be treated as poor fits because the service is built around integrating into software teams.

icp fit criteria
- Companies based in the Dominican Republic or serving the Dominican market, especially if they have software delivery teams or digital product groups.
- Firms in technology, software, IT services, SaaS, fintech, e-commerce, telecom, or digital product development where testing is part of the delivery process.
- Organizations with an internal engineering, development, or QA function that could benefit from external specialists embedded into the team.
- Teams using common delivery tooling such as Jira, Azure DevOps, or agile workflows, since the service is designed to integrate into those environments.
- Companies that release web apps, mobile apps, platforms, or custom software and therefore need repeated testing across browsers, devices, and environments.
- Businesses that appear large enough to have recurring releases but not so mature that they already operate a fully built-in QA center of excellence.
- Organizations that may need support in manual testing, regression testing, mobile validation, or coordinated QA execution but have not clearly standardized all of those capabilities in-house.
- Companies whose public materials show active product development, digital transformation, or multiple software releases per year.

high_value_fit_criteria
- Public job postings for QA analysts, test automation engineers, mobile testers, scrum masters, or QA leads, because they indicate current scaling pressure and likely demand for outsourced support.
- Evidence of rapid product growth, such as new app launches, feature-release announcements, or expansion of a digital platform that will increase testing volume.
- Companies that mention or show use of Selenium, Cypress, Appium, Jira, or Azure DevOps in their job posts, engineering pages, or technical content, since that aligns tightly with the service stack.
- Firms with multiple software products, multiple releases, or multi-platform apps because cross-browser and cross-device testing needs tend to grow with product complexity.
- Dominican companies undergoing digital transformation, modernization, or migration from manual processes to software-driven operations, since they often need short-term QA acceleration.
- Companies that publicly reference agile delivery, fast release cycles, or DevOps practices, because outsourced QA and automation usually deliver clearer ROI in those environments.
- Organizations with visible quality, stability, or UX-sensitive products such as banking, fintech, healthcare software, logistics platforms, or consumer apps.
- Accounts that appear to be building a team but have few or no dedicated QA hires, suggesting a gap that outsourcing can fill faster than internal hiring.
- Any company with a public need for mobile app validation on Android and iOS, as well as web compatibility testing, because those are core service strengths.
- Companies that have partnered publicly with technology vendors or integration partners and therefore may be open to external specialized service relationships.

disqualification_criteria
- Companies that do not develop or operate software products, including businesses whose websites show only informational, offline, or non-digital operations.
- Organizations that explicitly state a preference for 100% internal teams and no outsourcing for QA or development work.
- Businesses outside the relevant operating model, such as firms with no recurring software releases, no application layer, or no need for testing across web or mobile environments.
- Very small companies with no evidence of a development functio"
Unika,Unika,Cold,RD - Tech Companies,110,human resources,quezadadominguez@gmail.com,http://www.unika.com.do,http://www.linkedin.com/company/unikaplataforma,"","","","",Distrito Nacional,Dominican Republic,"","Distrito Nacional, Dominican Republic","intermediacion laboral & intermediacion profesional, human resources services, digital recruitment process, career trajectory projection, career guidance, automated reference checks, human resources, training offer, social network engagement, personalized interview scripts, management consulting services, base de datos profesional, social media interaction, professional services, virtual employment fairs, recruitment platform, online assessments, intermediación laboral automatizada, services, professional interests, real-time process visualization, ofertas dirigidas, candidate selection, panel de seguimiento, labor data analysis, information technology, dashboard en tiempo real, automated labor mediation, job vacancy posting, evaluation reports, herramientas de evaluación, labor market insights, evaluaciones en línea, personalized evaluation scripts, candidate database, technological evaluation tools, career assessment tools, customized job offers, transparency in recruitment, cost reduction, virtual job fairs, technological career assessment, procesos de selección, reclutamiento digital, professional evaluation, labor market information, b2b, evaluación de competencias, education, professional training & coaching",'+1 863-450-4060,"Google Search Console, Amazon AWS Platform, Amazon CloudFront, Amazon Route 53, Route 53, Gmail, Google Apps, Amazon AWS, Google Tag Manager, Viewport Meta, Google Analytics 4 (GA4), Mobile Friendly, jQuery","","","","","","",6a2880b2780af90001b40f8a,6a2880b2780af90001b40f8a,"7361, 7372","54161, 561311, 51321","Unika is a digital labor platform that focuses on professional development and connecting academic institutions, professionals, and companies. It serves as a career and talent-matching ecosystem, supporting job seekers and organizations through structured recruitment and selection processes.

The platform offers various capabilities, including professional development support, recruitment and selection automation, and standardized evaluation systems. Unika helps individuals identify their career orientation and growth opportunities while streamlining hiring workflows for organizations. It also provides analytical inputs to enhance decision-making in talent management.

Unika's primary offerings include career orientation tools, talent assessment modules, and recruitment workflow automation. The platform is designed to improve hiring efficiency and user experience, making it a valuable resource for academic institutions, professionals, and companies.",2022,https://zenprospect-production.s3.amazonaws.com/uploads/pictures/6915ba1f24983e00013f4047/picture,"","","Detailed log of research steps taken
- Started with the target URL provided: https://unika.com.do and checked that the research scope was the Dominican company Unika, not another similarly named firm.
- Reviewed the available search results supplied in the prompt; none of the results were directly about unika.com.do, so they were not usable as evidence for this account.
- Based on the instruction to prioritize the target company URL, the research approach was constrained by the lack of indexed pages, public documents, or search snippets for the site itself in the provided results.
- Because no company-specific pages, press items, careers pages, or public profiles were available in the supplied sources, no objective claims could be confirmed beyond the existence of the domain and the fact that the site is reachable as a Dominican .com.do domain.
- No relevant job postings were found for the target account in the provided prompt context.

Description of business and business model
Unika’s business model could not be verified from the provided search results because no company-specific website content, product pages, or external profile data were available. The target domain is unika.com.do, but the available evidence does not show whether the company develops software, provides services, or operates in another industry. No objective details about customers, offerings, geography, or operating model could be confirmed from the provided sources.

Observed indicators of fit
There are no confirmed indicators from the supplied sources showing that Unika operates software products, has an engineering team, or needs QA outsourcing. No evidence was provided of mobile apps, web platforms, agile delivery, testing demand, or technology workflows such as Jira or Azure DevOps. As a result, no positive fit signal could be objectively established from the available evidence.

Observed indicators of disqualification
There are also no confirmed disqualification signals from the supplied sources, because the company’s actual business activity is not described in the available evidence. No source shows that Unika is a non-software business, but no source shows that it is a software company either. The only firm conclusion is that the public evidence supplied here is insufficient to determine qualification against the QA outsourcing ICP.

Relevant company news or updates identified
- No company-specific news, announcements, releases, acquisitions, leadership updates, or blog posts for unika.com.do were identified in the provided sources.

Relevant technologies identified in tech stack
- Amazon CloudFront
- Route 53
- Gmail
- Google Apps
- Amazon AWS
- Google Tag Manager
- Mobile-friendly

Relevant job openings and hiring needs
- No relevant job openings were identified in the provided sources.",Not Enough Information,"reasoning_and_general_analysis
- Innova Testing is clearly represented by the sender context and the provided website domain, so the account should be analyzed as a QA outsourcing and software quality services provider in the Dominican Republic.
- The core offer is not generic software outsourcing; it is specifically focused on QA outsourcing, test automation, mobile/web testing, and IT project leadership integrated into client teams.
- The best-fit accounts are Dominican software builders or technology teams that need faster delivery, more testing capacity, or specialized QA leadership without hiring a full internal QA org.
- Since the site information available is limited and mostly homepage-level, the safest segmentation is based on observable company type, development activity, and hiring/technology signals rather than speculative internal pain points.
- The strongest fit signal is a company that actively ships software and therefore has recurring QA demand across releases, regression testing, and cross-platform validation.
- Companies with agile delivery practices, Jira/Azure DevOps usage, or public mentions of QA, automation, or mobile/web product work are especially relevant because they align with the service model described in the sender context.
- Companies in the Dominican Republic are the primary geographic target, but the offering can extend to nearby or international software firms if they have teams that can integrate remotely and need external QA support.
- The most valuable opportunities are likely firms that are scaling product delivery, launching new digital products, or repeatedly hiring for QA and automation roles, because those conditions suggest immediate demand and budget relevance.
- Companies that build software but insist on fully internal delivery models are weaker prospects, even if they fit the industry profile.
- Non-software businesses without a real application, platform, or product development function should be treated as poor fits because the service is built around integrating into software teams.

icp fit criteria
- Companies based in the Dominican Republic or serving the Dominican market, especially if they have software delivery teams or digital product groups.
- Firms in technology, software, IT services, SaaS, fintech, e-commerce, telecom, or digital product development where testing is part of the delivery process.
- Organizations with an internal engineering, development, or QA function that could benefit from external specialists embedded into the team.
- Teams using common delivery tooling such as Jira, Azure DevOps, or agile workflows, since the service is designed to integrate into those environments.
- Companies that release web apps, mobile apps, platforms, or custom software and therefore need repeated testing across browsers, devices, and environments.
- Businesses that appear large enough to have recurring releases but not so mature that they already operate a fully built-in QA center of excellence.
- Organizations that may need support in manual testing, regression testing, mobile validation, or coordinated QA execution but have not clearly standardized all of those capabilities in-house.
- Companies whose public materials show active product development, digital transformation, or multiple software releases per year.

high_value_fit_criteria
- Public job postings for QA analysts, test automation engineers, mobile testers, scrum masters, or QA leads, because they indicate current scaling pressure and likely demand for outsourced support.
- Evidence of rapid product growth, such as new app launches, feature-release announcements, or expansion of a digital platform that will increase testing volume.
- Companies that mention or show use of Selenium, Cypress, Appium, Jira, or Azure DevOps in their job posts, engineering pages, or technical content, since that aligns tightly with the service stack.
- Firms with multiple software products, multiple releases, or multi-platform apps because cross-browser and cross-device testing needs tend to grow with product complexity.
- Dominican companies undergoing digital transformation, modernization, or migration from manual processes to software-driven operations, since they often need short-term QA acceleration.
- Companies that publicly reference agile delivery, fast release cycles, or DevOps practices, because outsourced QA and automation usually deliver clearer ROI in those environments.
- Organizations with visible quality, stability, or UX-sensitive products such as banking, fintech, healthcare software, logistics platforms, or consumer apps.
- Accounts that appear to be building a team but have few or no dedicated QA hires, suggesting a gap that outsourcing can fill faster than internal hiring.
- Any company with a public need for mobile app validation on Android and iOS, as well as web compatibility testing, because those are core service strengths.
- Companies that have partnered publicly with technology vendors or integration partners and therefore may be open to external specialized service relationships.

disqualification_criteria
- Companies that do not develop or operate software products, including businesses whose websites show only informational, offline, or non-digital operations.
- Organizations that explicitly state a preference for 100% internal teams and no outsourcing for QA or development work.
- Businesses outside the relevant operating model, such as firms with no recurring software releases, no application layer, or no need for testing across web or mobile environments.
- Very small companies with no evidence of a development functio"
aster Tecnodisa,aster Tecnodisa,Cold,RD - Tech Companies,93,telecommunications,quezadadominguez@gmail.com,http://www.aster.do,http://www.linkedin.com/company/aster-tecnodisa,"","",81 Calle Jose Cabrera,Santo Domingo Este,Santo Domingo,Dominican Republic,11504,"81 Calle Jose Cabrera, Santo Domingo Este, Santo Domingo, Dominican Republic, 11504","tv, internet, tecnologia, telecable, content delivery, hd channels, content programming, cable tv, digital connectivity, telecommunications, digital tv, b2c, service plans, online payments, payment processing, reconnection services, payment solutions, customer service, services, call center, technical support, programming packages, customer support, entertainment, fiber optic, payment via credit card, local offices, e-commerce, consumer products & retail, information technology & services, technology, consumer internet, consumers",'+1 809-200-3222,"Elementor, Mobile Friendly, Wordpress, Apache, Bootstrap Framework, Astra WordPress Theme, WordPress.org, Viewport Meta, Divi, Google Font API","","","","","","",6a2880b2780af90001b40f8e,6a2880b2780af90001b40f8e,4899,"517111, 516120","Somos una empresa de telecomunicaciones y entretenimiento, dedicada a brindar el mejor contenido en programación y facilitando con avances tecnológicos la conectividad que demandan todos nuestros clientes.",2002,https://zenprospect-production.s3.amazonaws.com/uploads/pictures/6708dbb44e05b200012ca14b/picture,"","","Detailed log of research steps taken
- Verified the target domain provided by the request: https://aster.do.
- Checked the supplied search results for direct evidence about the target company, but the results returned were generic “target company research” guides and unrelated Target Corporation pages, not aster.do.
- Because no page-specific search results for aster.do were provided, there was no reliable source material in the search set to confirm the company’s business model, services, hiring, news, or technologies beyond the URL and the user-provided tech stack.
- Interpreted the task using the company context for Innova Testing and the ICP/disqualification criteria provided in the prompt, while avoiding unsupported claims about aster.do.

Description of business and business model
Based on the available evidence in this search set, aster.do could not be reliably identified by its website content, so no objective description of its business or business model can be confirmed from sources provided. The only directly relevant non-source input is the provided tech stack, which suggests a WordPress-based marketing website rather than a deeply documented product or engineering site. No verified information was available about whether the company develops software, sells digital products, or operates in a software delivery model.

Observed indicators of fit
Could this company be a fit? The available information is insufficient to confirm fit because no sourced evidence was found showing that aster.do develops software, operates a product team, or needs QA outsourcing. The supplied website stack includes WordPress-related tools, which often indicates a content-managed website, but that alone does not establish software development activity or QA demand. No job postings, release notes, engineering pages, or product pages were available in the provided results to indicate a strong match for outsourced QA, test automation, or embedded testing support.

Observed indicators of disqualification
Do they meet meet any qualification requirements? No objective evidence in the provided search results confirms that aster.do is a Dominican software builder or technology company with recurring QA needs. There were also no job postings indicating QA, automation, or development hiring pressure, and no public signals of agile delivery tooling such as Jira or Azure DevOps. On the positive side, there is also no evidence that the company is a pure non-software business or that it explicitly rejects outsourcing, so disqualification cannot be asserted from the available sources.

Relevant company news or updates identified
- No company-specific news, announcements, blog posts, press releases, funding updates, or product updates for aster.do were identified in the provided search results.

Relevant technologies identified in tech stack
- WordPress
- Elementor
- Divi
- Bootstrap Framework
- Apache
- Google Font API
- Viewport Meta
- Mobile Friendly
- WordPress.org

Relevant job openings and hiring needs
- No relevant job openings were found or provided for aster.do.",Not Enough Information,"reasoning_and_general_analysis
- Innova Testing is clearly represented by the sender context and the provided website domain, so the account should be analyzed as a QA outsourcing and software quality services provider in the Dominican Republic.
- The core offer is not generic software outsourcing; it is specifically focused on QA outsourcing, test automation, mobile/web testing, and IT project leadership integrated into client teams.
- The best-fit accounts are Dominican software builders or technology teams that need faster delivery, more testing capacity, or specialized QA leadership without hiring a full internal QA org.
- Since the site information available is limited and mostly homepage-level, the safest segmentation is based on observable company type, development activity, and hiring/technology signals rather than speculative internal pain points.
- The strongest fit signal is a company that actively ships software and therefore has recurring QA demand across releases, regression testing, and cross-platform validation.
- Companies with agile delivery practices, Jira/Azure DevOps usage, or public mentions of QA, automation, or mobile/web product work are especially relevant because they align with the service model described in the sender context.
- Companies in the Dominican Republic are the primary geographic target, but the offering can extend to nearby or international software firms if they have teams that can integrate remotely and need external QA support.
- The most valuable opportunities are likely firms that are scaling product delivery, launching new digital products, or repeatedly hiring for QA and automation roles, because those conditions suggest immediate demand and budget relevance.
- Companies that build software but insist on fully internal delivery models are weaker prospects, even if they fit the industry profile.
- Non-software businesses without a real application, platform, or product development function should be treated as poor fits because the service is built around integrating into software teams.

icp fit criteria
- Companies based in the Dominican Republic or serving the Dominican market, especially if they have software delivery teams or digital product groups.
- Firms in technology, software, IT services, SaaS, fintech, e-commerce, telecom, or digital product development where testing is part of the delivery process.
- Organizations with an internal engineering, development, or QA function that could benefit from external specialists embedded into the team.
- Teams using common delivery tooling such as Jira, Azure DevOps, or agile workflows, since the service is designed to integrate into those environments.
- Companies that release web apps, mobile apps, platforms, or custom software and therefore need repeated testing across browsers, devices, and environments.
- Businesses that appear large enough to have recurring releases but not so mature that they already operate a fully built-in QA center of excellence.
- Organizations that may need support in manual testing, regression testing, mobile validation, or coordinated QA execution but have not clearly standardized all of those capabilities in-house.
- Companies whose public materials show active product development, digital transformation, or multiple software releases per year.

high_value_fit_criteria
- Public job postings for QA analysts, test automation engineers, mobile testers, scrum masters, or QA leads, because they indicate current scaling pressure and likely demand for outsourced support.
- Evidence of rapid product growth, such as new app launches, feature-release announcements, or expansion of a digital platform that will increase testing volume.
- Companies that mention or show use of Selenium, Cypress, Appium, Jira, or Azure DevOps in their job posts, engineering pages, or technical content, since that aligns tightly with the service stack.
- Firms with multiple software products, multiple releases, or multi-platform apps because cross-browser and cross-device testing needs tend to grow with product complexity.
- Dominican companies undergoing digital transformation, modernization, or migration from manual processes to software-driven operations, since they often need short-term QA acceleration.
- Companies that publicly reference agile delivery, fast release cycles, or DevOps practices, because outsourced QA and automation usually deliver clearer ROI in those environments.
- Organizations with visible quality, stability, or UX-sensitive products such as banking, fintech, healthcare software, logistics platforms, or consumer apps.
- Accounts that appear to be building a team but have few or no dedicated QA hires, suggesting a gap that outsourcing can fill faster than internal hiring.
- Any company with a public need for mobile app validation on Android and iOS, as well as web compatibility testing, because those are core service strengths.
- Companies that have partnered publicly with technology vendors or integration partners and therefore may be open to external specialized service relationships.

disqualification_criteria
- Companies that do not develop or operate software products, including businesses whose websites show only informational, offline, or non-digital operations.
- Organizations that explicitly state a preference for 100% internal teams and no outsourcing for QA or development work.
- Businesses outside the relevant operating model, such as firms with no recurring software releases, no application layer, or no need for testing across web or mobile environments.
- Very small companies with no evidence of a development functio"
"La Antillana Comercial, S.A.",La Antillana Comercial S.A,Cold,RD - Tech Companies,67,information technology & services,quezadadominguez@gmail.com,http://www.netbyte.com.do,http://www.linkedin.com/company/la-antillana-comercial-s-a-,"","",307 Calle Benigno Filomeno de Rojas,Santo Domingo,Distrito Nacional,Dominican Republic,10103,"307 Calle Benigno Filomeno de Rojas, Santo Domingo, Distrito Nacional, Dominican Republic, 10103","mineria, construccion, equipos de transporte, repuestos",'+1 809-620-3000,"Outlook, Microsoft Office 365","","","","","","",6a2880b2780af90001b40f8f,6a2880b2780af90001b40f8f,"","423830, 444140","La Antillana Comercial, S.A. is a Dominican Republic-based company founded in 1942 and headquartered in Santo Domingo. The company operates primarily in the sales and services of industrial equipment, with a focus on the transportation sector. It also engages in home improvement and hardware retail, as well as information technology services.

The company is involved in international trade, handling machinery, mechanical appliances, and tools. La Antillana Comercial has reported an annual revenue of $7.5 million and is recognized as a supplier in various markets. Its import and export activities include a range of products categorized under specific HS codes related to machinery and tools.",2014,https://zenprospect-production.s3.amazonaws.com/uploads/pictures/66e77fa90c1be60001237769/picture,"","","Detailed log of research steps taken
- Reviewed the target URL provided for the account: https://netbyte.com.do, with the explicit goal of identifying evidence of software development activity, QA demand, hiring signals, geography, and technology use relevant to Innova Testing’s QA outsourcing and test automation services.
- Checked the supplied search results to ensure the company name and URL context were not being confused with another similarly named business; however, the search results provided did not include any source content for netbyte.com.do itself.
- Attempted to anchor the analysis on primary-company evidence from the target domain, but no crawlable page content, product pages, about pages, careers pages, or news items for netbyte.com.do were included in the available search results.
- Reviewed the user-provided note that no job postings were found for https://netbyte.com.do and treated that as the only hiring-related evidence available in this prompt.
- Because the available search results are unrelated research guides and do not contain company-specific facts about Netbyte, no objective company facts could be verified from the provided materials.

Description of business and business model
No company-specific business description could be verified from the provided materials for https://netbyte.com.do. The prompt identifies the account as “Netbyte,” but the accessible search results do not show what the company sells, whether it operates software products, or whether it has a development organization. No public information about its business model, customers, or services was available in the provided sources.

Observed indicators of fit
There are no verified indicators from the provided materials confirming that this company develops software, operates digital products, or maintains an engineering team. There are also no visible signals of QA-related hiring, agile tooling, mobile/web product work, or release activity in the available sources. Based on the evidence provided, fit cannot be established from objective data.

Observed indicators of disqualification
No objective disqualification signal can be confirmed from the provided materials because the company’s business activity is not visible in the available sources. At the same time, the absence of any verified software-product, QA, or development evidence means the core ICP criteria are not demonstrated in the prompt materials. The only hiring-related note provided is that no job postings were found, which removes one of the strongest fit indicators.

Relevant company news or updates identified
- No company-specific news, announcements, product releases, leadership updates, or public updates for https://netbyte.com.do were identified in the provided materials.

Relevant technologies identified in tech stack
- outlook
- office_365

Relevant job openings and hiring needs
- No relevant job openings were found for https://netbyte.com.do.",Not Enough Information,"reasoning_and_general_analysis
- Innova Testing is clearly represented by the sender context and the provided website domain, so the account should be analyzed as a QA outsourcing and software quality services provider in the Dominican Republic.
- The core offer is not generic software outsourcing; it is specifically focused on QA outsourcing, test automation, mobile/web testing, and IT project leadership integrated into client teams.
- The best-fit accounts are Dominican software builders or technology teams that need faster delivery, more testing capacity, or specialized QA leadership without hiring a full internal QA org.
- Since the site information available is limited and mostly homepage-level, the safest segmentation is based on observable company type, development activity, and hiring/technology signals rather than speculative internal pain points.
- The strongest fit signal is a company that actively ships software and therefore has recurring QA demand across releases, regression testing, and cross-platform validation.
- Companies with agile delivery practices, Jira/Azure DevOps usage, or public mentions of QA, automation, or mobile/web product work are especially relevant because they align with the service model described in the sender context.
- Companies in the Dominican Republic are the primary geographic target, but the offering can extend to nearby or international software firms if they have teams that can integrate remotely and need external QA support.
- The most valuable opportunities are likely firms that are scaling product delivery, launching new digital products, or repeatedly hiring for QA and automation roles, because those conditions suggest immediate demand and budget relevance.
- Companies that build software but insist on fully internal delivery models are weaker prospects, even if they fit the industry profile.
- Non-software businesses without a real application, platform, or product development function should be treated as poor fits because the service is built around integrating into software teams.

icp fit criteria
- Companies based in the Dominican Republic or serving the Dominican market, especially if they have software delivery teams or digital product groups.
- Firms in technology, software, IT services, SaaS, fintech, e-commerce, telecom, or digital product development where testing is part of the delivery process.
- Organizations with an internal engineering, development, or QA function that could benefit from external specialists embedded into the team.
- Teams using common delivery tooling such as Jira, Azure DevOps, or agile workflows, since the service is designed to integrate into those environments.
- Companies that release web apps, mobile apps, platforms, or custom software and therefore need repeated testing across browsers, devices, and environments.
- Businesses that appear large enough to have recurring releases but not so mature that they already operate a fully built-in QA center of excellence.
- Organizations that may need support in manual testing, regression testing, mobile validation, or coordinated QA execution but have not clearly standardized all of those capabilities in-house.
- Companies whose public materials show active product development, digital transformation, or multiple software releases per year.

high_value_fit_criteria
- Public job postings for QA analysts, test automation engineers, mobile testers, scrum masters, or QA leads, because they indicate current scaling pressure and likely demand for outsourced support.
- Evidence of rapid product growth, such as new app launches, feature-release announcements, or expansion of a digital platform that will increase testing volume.
- Companies that mention or show use of Selenium, Cypress, Appium, Jira, or Azure DevOps in their job posts, engineering pages, or technical content, since that aligns tightly with the service stack.
- Firms with multiple software products, multiple releases, or multi-platform apps because cross-browser and cross-device testing needs tend to grow with product complexity.
- Dominican companies undergoing digital transformation, modernization, or migration from manual processes to software-driven operations, since they often need short-term QA acceleration.
- Companies that publicly reference agile delivery, fast release cycles, or DevOps practices, because outsourced QA and automation usually deliver clearer ROI in those environments.
- Organizations with visible quality, stability, or UX-sensitive products such as banking, fintech, healthcare software, logistics platforms, or consumer apps.
- Accounts that appear to be building a team but have few or no dedicated QA hires, suggesting a gap that outsourcing can fill faster than internal hiring.
- Any company with a public need for mobile app validation on Android and iOS, as well as web compatibility testing, because those are core service strengths.
- Companies that have partnered publicly with technology vendors or integration partners and therefore may be open to external specialized service relationships.

disqualification_criteria
- Companies that do not develop or operate software products, including businesses whose websites show only informational, offline, or non-digital operations.
- Organizations that explicitly state a preference for 100% internal teams and no outsourcing for QA or development work.
- Businesses outside the relevant operating model, such as firms with no recurring software releases, no application layer, or no need for testing across web or mobile environments.
- Very small companies with no evidence of a development functio"
Unipago,Unipago,Cold,RD - Tech Companies,99,information technology & services,quezadadominguez@gmail.com,http://www.unipago.com.do,http://www.linkedin.com/company/unipago,"","",Jose A. Soler,Santo Domingo,Distrito Nacional,Dominican Republic,10125,"Jose A. Soler, Santo Domingo, Distrito Nacional, Dominican Republic, 10125","innovacion, base de datos, tecnologia, it services & it consulting, long-term impact systems, platform development, workflow automation, computer systems design and related services, digital solutions, b2b, retail, transcend boundaries, data analytics, lasting impact, data security, healthcare services, user experience, boundary transcending solutions, solution development, financial technology, client empowerment, e-commerce, technology solutions, services, platforms, innovative platform creation, innovative systems, solutions, risk management, cloud solutions, system integration, information technology and services, operational efficiency, digital transformation, technology, information technology & services, computer & network security, health care, health, wellness & fitness, hospital & health care, ux, finance technology, financial services, consumer internet, consumers, internet, cloud computing, enterprise software, enterprises, computer software",'+1 809-227-2007,"Route 53, Amazon SES, Outlook, Mobile Friendly, Google Tag Manager, reCAPTCHA, Bootstrap Framework, Google Font API, Gusto","","","","","","",6a2880b2780af90001b40f91,6a2880b2780af90001b40f91,7375,54151,"Unipago S.A. is a company based in Santo Domingo, Dominican Republic, that specializes in information technology services. Founded around 2002, it plays a crucial role in the Dominican Social Security System by implementing and managing technological platforms. Unipago serves as the core processor for the Social Security System's database and operations, particularly through the Sistema Único de Información y Recaudo, which facilitates comprehensive processing of services and data management.

The company focuses on centralized services that enhance operational efficiency within digital ecosystems. Its key offerings include advanced payment processing solutions and the administration of the national Social Security database, which supports health protection systems and per capita payments. Unipago employs approximately 99 people and generates around $12 million in revenue, contributing to various sectors such as IT services, finance, and insurance. Its primary customer is the Sistema Dominicano de la Seguridad Social, including entities like the National Health Insurance and the National Social Security Council.",2002,https://zenprospect-production.s3.amazonaws.com/uploads/pictures/691098c613a8260001a594a2/picture,"","","Detailed log of research steps taken
- Started from the target URL provided: https://unipago.com.do, with the goal of confirming the company identity and extracting only objective, on-site facts relevant to QA outsourcing fit.
- Reviewed the available search results list, but none of the returned results were directly about Unipago; they were generic company-research guides and unrelated to the target account.
- Because the search results did not include Unipago-specific pages, I could not reliably verify on-page details such as About, Services, Careers, Blog, or News content from the target domain within the provided material.
- The only target-specific evidence available in the prompt was the tech stack list associated with the domain: route_53, amazon_ses, outlook, mobile_friendly, google_tag_manager, recaptcha, bootstrap_framework, google_font_api, gusto.
- No job postings were provided for https://unipago.com.do, and no public hiring signals were included in the supplied material.
- No additional company pages, press releases, product pages, or social profiles for Unipago were available in the provided search results, so no further target-specific claims could be validated from the source set.

Description of business and business model
Unipago’s business model cannot be fully verified from the provided search results because no Unipago-specific website content was included. Based on the domain name and the absence of contrary evidence, the account may be a company with an online presence, but the available material does not confirm whether it develops software, provides technology services, or operates in another sector. No sourced evidence in the provided material describes its products, customers, geography, or operating model.

Observed indicators of fit
The supplied material does not contain direct evidence of software product development, QA pain points, agile delivery, or mobile/web application work. The only potentially relevant signal is the presence of a website technology stack including mobile_friendly, google_tag_manager, bootstrap_framework, and recaptcha, which confirms a maintained web presence but does not by itself indicate a need for QA outsourcing. No job openings, automation stack mentions, or release-related signals were provided.

Observed indicators of disqualification
There is no explicit evidence in the provided material that Unipago is a poor fit, such as a stated preference for fully internal teams or a non-software business model. However, there is also no objective evidence that it develops software or maintains an engineering organization, which are core requirements for the stated ICP. Because the supplied research set lacks company-specific operating details, qualification cannot be established from the available evidence.

Relevant company news or updates identified
- No Unipago-specific news, announcements, product launches, leadership changes, funding events, or press mentions were included in the provided search results.

Relevant technologies identified in tech stack
- mobile_friendly
- google_tag_manager
- recaptcha
- bootstrap_framework
- google_font_api
- amazon_ses
- route_53
- outlook
- gusto

Relevant job openings and hiring needs
- None provided in the supplied material.",Not Enough Information,"reasoning_and_general_analysis
- Innova Testing is clearly represented by the sender context and the provided website domain, so the account should be analyzed as a QA outsourcing and software quality services provider in the Dominican Republic.
- The core offer is not generic software outsourcing; it is specifically focused on QA outsourcing, test automation, mobile/web testing, and IT project leadership integrated into client teams.
- The best-fit accounts are Dominican software builders or technology teams that need faster delivery, more testing capacity, or specialized QA leadership without hiring a full internal QA org.
- Since the site information available is limited and mostly homepage-level, the safest segmentation is based on observable company type, development activity, and hiring/technology signals rather than speculative internal pain points.
- The strongest fit signal is a company that actively ships software and therefore has recurring QA demand across releases, regression testing, and cross-platform validation.
- Companies with agile delivery practices, Jira/Azure DevOps usage, or public mentions of QA, automation, or mobile/web product work are especially relevant because they align with the service model described in the sender context.
- Companies in the Dominican Republic are the primary geographic target, but the offering can extend to nearby or international software firms if they have teams that can integrate remotely and need external QA support.
- The most valuable opportunities are likely firms that are scaling product delivery, launching new digital products, or repeatedly hiring for QA and automation roles, because those conditions suggest immediate demand and budget relevance.
- Companies that build software but insist on fully internal delivery models are weaker prospects, even if they fit the industry profile.
- Non-software businesses without a real application, platform, or product development function should be treated as poor fits because the service is built around integrating into software teams.

icp fit criteria
- Companies based in the Dominican Republic or serving the Dominican market, especially if they have software delivery teams or digital product groups.
- Firms in technology, software, IT services, SaaS, fintech, e-commerce, telecom, or digital product development where testing is part of the delivery process.
- Organizations with an internal engineering, development, or QA function that could benefit from external specialists embedded into the team.
- Teams using common delivery tooling such as Jira, Azure DevOps, or agile workflows, since the service is designed to integrate into those environments.
- Companies that release web apps, mobile apps, platforms, or custom software and therefore need repeated testing across browsers, devices, and environments.
- Businesses that appear large enough to have recurring releases but not so mature that they already operate a fully built-in QA center of excellence.
- Organizations that may need support in manual testing, regression testing, mobile validation, or coordinated QA execution but have not clearly standardized all of those capabilities in-house.
- Companies whose public materials show active product development, digital transformation, or multiple software releases per year.

high_value_fit_criteria
- Public job postings for QA analysts, test automation engineers, mobile testers, scrum masters, or QA leads, because they indicate current scaling pressure and likely demand for outsourced support.
- Evidence of rapid product growth, such as new app launches, feature-release announcements, or expansion of a digital platform that will increase testing volume.
- Companies that mention or show use of Selenium, Cypress, Appium, Jira, or Azure DevOps in their job posts, engineering pages, or technical content, since that aligns tightly with the service stack.
- Firms with multiple software products, multiple releases, or multi-platform apps because cross-browser and cross-device testing needs tend to grow with product complexity.
- Dominican companies undergoing digital transformation, modernization, or migration from manual processes to software-driven operations, since they often need short-term QA acceleration.
- Companies that publicly reference agile delivery, fast release cycles, or DevOps practices, because outsourced QA and automation usually deliver clearer ROI in those environments.
- Organizations with visible quality, stability, or UX-sensitive products such as banking, fintech, healthcare software, logistics platforms, or consumer apps.
- Accounts that appear to be building a team but have few or no dedicated QA hires, suggesting a gap that outsourcing can fill faster than internal hiring.
- Any company with a public need for mobile app validation on Android and iOS, as well as web compatibility testing, because those are core service strengths.
- Companies that have partnered publicly with technology vendors or integration partners and therefore may be open to external specialized service relationships.

disqualification_criteria
- Companies that do not develop or operate software products, including businesses whose websites show only informational, offline, or non-digital operations.
- Organizations that explicitly state a preference for 100% internal teams and no outsourcing for QA or development work.
- Businesses outside the relevant operating model, such as firms with no recurring software releases, no application layer, or no need for testing across web or mobile environments.
- Very small companies with no evidence of a development functio"
MIO,MIO,Cold,RD - Tech Companies,220,financial services,quezadadominguez@gmail.com,http://www.mio.com.do,http://www.linkedin.com/company/somosmio,https://www.facebook.com/conmiopuedo,"","",Santo Domingo,National District,Dominican Republic,"","Santo Domingo, National District, Dominican Republic","evolucion digital, finanzas, tecnologia, inclusion financiera, fintech, analisis, pos, cobro con tarjeta, pago con tarjeta, soluciones de pago digital, transferencias de dinero, herramientas digitales, cobro remoto, reportes en tiempo real, gestión de ventas, integración con tiendas online, pago sin contacto en tiendas, transferencias instantáneas, integración ecommerce, recarga de saldo, herramientas para negocios, herramientas para emprendedores, pago de servicios, pago en línea, financial services, herramientas de crecimiento empresarial, crecimiento de negocios, herramientas financieras, pago en redes sociales, reportes en línea, ecommerce, gestión de clientes, herramientas de gestión de clientes, cuenta digital, pago con qr, mpos, b2b, recarga de minutos, aplicación en línea, b2c, comisiones por venta, cobro presencial, comisiones por transacción, e-commerce, pago de servicios en línea, mobile app, app de pagos, herramientas para pymes, ventas digitales, payment processing, app para negocios, financial transactions processing, reserve, and clearinghouse activities, link de pago, online shopping, aplicación móvil, herramientas de crecimiento, pagos en redes sociales, software development, pago sin contacto, transferencias sin costo, tarjeta virtual, gestión de ventas en línea, cobro con qr, retail, d2c, seguridad en pagos, qr code, services, integración con ecommerce, inventory management, crecimiento empresarial, cobro con nfc, digital banking, procesamiento de pagos, finance, consumer products & retail, technology, information technology & services, finance technology, consumer internet, consumers, internet, mobile",'+1 809-239-0646,"Cloudflare DNS, Mailchimp Mandrill, MailJet, Outlook, Typeform, React Redux, Webflow, Genesys Cloud CX Platform, ThreatMetrix, iTunes, Mobile Friendly, Google Tag Manager, Bootstrap Framework, Google Play, Gusto, Data Analytics, Excel4Apps, Power BI Documenter","","","","","","",6a28740310a81200208da976,6a28740310a81200208da976,"6091, 7389, 7372","522320, 513210","MIO S.A.S. is a fintech company based in the Dominican Republic that specializes in mobile point-of-sale (mPOS) payment solutions. The company offers a free mobile app and an optional card reader, allowing businesses and individuals to accept credit, debit, and prepaid card payments easily. MIO's services include processing various card types through smartphones or tablets, with funds deposited into linked bank accounts within 24 business hours.

Headquartered in Santo Domingo, MIO employs between 100 and 249 people and generates annual revenue of $1M to $5M. The mPOS system features no monthly fees or maintenance costs, and it provides a real-time sales dashboard, customer tracking, and the ability to create a product catalog. The portable design of the card reader makes it convenient for on-the-go transactions, and digital receipts are sent via the app. MIO aims to support merchants in retail and service sectors by enhancing their sales capabilities and offering cost-effective payment solutions.","",https://zenprospect-production.s3.amazonaws.com/uploads/pictures/68b53a0d9ff3c7000110e706/picture,"","","","",""
"VIXICOM, LLC",VIXICOM,Cold,RD - Tech Companies,750,outsourcing/offshoring,quezadadominguez@gmail.com,http://www.vixicom.com,http://www.linkedin.com/company/vixicom,https://es-la.facebook.com/VixicomLLC/,https://twitter.com/Vixicom,"",Santo Domingo,Distrito Nacional,Dominican Republic,10123,"Santo Domingo, Distrito Nacional, Dominican Republic, 10123","lead generation, technical support, sales, software development, back office, customer care, direct response, outsourcing & offshoring consulting, application development, call center management, it consulting, it services, fortune 500 clients, agent training program, script design, offshore outsourcing, customer experience, contact center technology, back-office solutions, state-of-the-art call center, data security, quality control, customer support services, b2c, multilingual support, customer interaction solutions, cloud services, agent training, market research, customer service, multichannel support, project management, services, quality assurance, near-shore outsourcing, advanced telecom infrastructure, outsourcing, contact center, call center, website development, digital transformation, crm integration, bpo, dominican republic call center, telephone call centers, cultural affinity, client retention, e-commerce, customer support, high-volume call handling, technology consulting, business process outsourcing (bpo), high-capacity seating, call center services, b2b, d2c, voice support, geographical advantage, outsource services, multilingual call agents, customer satisfaction, multilingual agents, healthcare, finance, education, marketing & advertising, information technology & services, outsourcing/offshoring, app development, apps, management consulting, computer & network security, cloud computing, enterprise software, enterprises, computer software, productivity, web development, facilities services, consumer internet, consumers, internet, health care, health, wellness & fitness, hospital & health care, financial services",'+1 985-778-6333,"Microsoft Office 365, Python, Slack, Bootstrap Framework, Facebook Custom Audiences, OpenSSL, Google Font API, Facebook Login (Connect), Facebook Widget, Google Tag Manager, Mobile Friendly, Apache, WordPress.org, Gusto, Mitel","","","","",150000000,"",6a287e125731b30001838997,6a287e125731b30001838997,7389,561422,"VIXICOM, LLC is an outsourcing and offshoring company based in the Dominican Republic, specializing in customer interaction solutions. Founded in 2004, VIXICOM operates a modern call center with over 1,000 workstations in Santo Domingo. The company has experienced significant growth and focuses on building long-term relationships with global organizations.

VIXICOM offers a range of services, including inbound and outbound customer care, technical support, sales, lead generation, and back office solutions. The company provides multilingual support in several languages and emphasizes rigorous agent training and quality assurance. With a strategic location near universities, VIXICOM has access to a large talent pool, enhancing its ability to deliver high-quality services.",2004,https://zenprospect-production.s3.amazonaws.com/uploads/pictures/66e6e98c052b190001809829/picture,"","","Detailed log of research steps taken
- Verified the target domain as vixicom.com and treated it as the primary source of truth for company identification.
- Checked the provided search results and found they did not include any direct pages from vixicom.com; the available results were unrelated research-tool pages and unrelated Target Corporation pages.
- Because the search results supplied no accessible Vixicom pages, no on-site page-by-page extraction could be completed from the target domain within the evidence provided.
- Reviewed the user-supplied context about Innova Testing’s ICP and mapped the desired indicators to what would normally be extracted from a target website: software development activity, QA needs, product releases, hiring signals, and tooling evidence.
- Noted that the prompt states “no job postings found” for vixicom.com, which is the only explicit hiring signal available in the provided materials.
- No verified company pages, blog posts, service pages, about pages, customer pages, careers pages, or technology pages from vixicom.com were present in the supplied results to support further claims.

Description of business and business model
- Based on the evidence provided, Vixicom’s business model cannot be confirmed from the supplied search results alone.
- The only defensible statement is that there is a target domain, vixicom.com, but no company description, products, services, or operating model were visible in the supplied results.
- No objective evidence in the provided material establishes whether Vixicom develops software, provides technology services, or operates in a software-adjacent industry.

Observed indicators of fit
- There are no confirmed fit indicators in the provided evidence because no Vixicom website content was available to verify software development, QA needs, mobile/web products, or agile delivery tooling.
- The only potentially relevant point is that no job postings were found, which means there is also no visible hiring signal for QA, automation, or project leadership roles.
- Since the company type is unverified, there is also no evidence of the key ICP markers for Innova Testing, such as Dominican software development activity or embedded QA needs.

Observed indicators of disqualification
- There is insufficient evidence to determine whether Vixicom meets qualification requirements, because the supplied materials do not show what the company does.
- No evidence was found of software products, application development, QA activity, agile tooling, or digital product releases.
- The prompt’s explicit note that no job postings were found removes one of the strongest positive qualification signals, but it does not by itself disqualify the account.
- There is also no evidence of a clear Dominican software business or of a team that would need outsourced QA support.

Relevant company news or updates identified
- No company news, announcements, product launches, blog posts, press releases, or update pages from vixicom.com were present in the provided search results.
- No dated updates or public expansion signals could be verified from the evidence supplied.

Relevant technologies identified in tech stack
- office_365
- python
- slack
- bootstrap_framework
- mobile_friendly
- apache
- wordpress_org
- gusto
- mitel
- google_tag_manager
- google_font_api
- facebook_login
- facebook_widget
- facebook_web_custom_audiences
- openssl

Relevant job openings and hiring needs
- No relevant job openings were identified.
- The prompt explicitly states: no job postings found.",Not Enough Information,"reasoning_and_general_analysis
- Innova Testing is clearly represented by the sender context and the provided website domain, so the account should be analyzed as a QA outsourcing and software quality services provider in the Dominican Republic.
- The core offer is not generic software outsourcing; it is specifically focused on QA outsourcing, test automation, mobile/web testing, and IT project leadership integrated into client teams.
- The best-fit accounts are Dominican software builders or technology teams that need faster delivery, more testing capacity, or specialized QA leadership without hiring a full internal QA org.
- Since the site information available is limited and mostly homepage-level, the safest segmentation is based on observable company type, development activity, and hiring/technology signals rather than speculative internal pain points.
- The strongest fit signal is a company that actively ships software and therefore has recurring QA demand across releases, regression testing, and cross-platform validation.
- Companies with agile delivery practices, Jira/Azure DevOps usage, or public mentions of QA, automation, or mobile/web product work are especially relevant because they align with the service model described in the sender context.
- Companies in the Dominican Republic are the primary geographic target, but the offering can extend to nearby or international software firms if they have teams that can integrate remotely and need external QA support.
- The most valuable opportunities are likely firms that are scaling product delivery, launching new digital products, or repeatedly hiring for QA and automation roles, because those conditions suggest immediate demand and budget relevance.
- Companies that build software but insist on fully internal delivery models are weaker prospects, even if they fit the industry profile.
- Non-software businesses without a real application, platform, or product development function should be treated as poor fits because the service is built around integrating into software teams.

icp fit criteria
- Companies based in the Dominican Republic or serving the Dominican market, especially if they have software delivery teams or digital product groups.
- Firms in technology, software, IT services, SaaS, fintech, e-commerce, telecom, or digital product development where testing is part of the delivery process.
- Organizations with an internal engineering, development, or QA function that could benefit from external specialists embedded into the team.
- Teams using common delivery tooling such as Jira, Azure DevOps, or agile workflows, since the service is designed to integrate into those environments.
- Companies that release web apps, mobile apps, platforms, or custom software and therefore need repeated testing across browsers, devices, and environments.
- Businesses that appear large enough to have recurring releases but not so mature that they already operate a fully built-in QA center of excellence.
- Organizations that may need support in manual testing, regression testing, mobile validation, or coordinated QA execution but have not clearly standardized all of those capabilities in-house.
- Companies whose public materials show active product development, digital transformation, or multiple software releases per year.

high_value_fit_criteria
- Public job postings for QA analysts, test automation engineers, mobile testers, scrum masters, or QA leads, because they indicate current scaling pressure and likely demand for outsourced support.
- Evidence of rapid product growth, such as new app launches, feature-release announcements, or expansion of a digital platform that will increase testing volume.
- Companies that mention or show use of Selenium, Cypress, Appium, Jira, or Azure DevOps in their job posts, engineering pages, or technical content, since that aligns tightly with the service stack.
- Firms with multiple software products, multiple releases, or multi-platform apps because cross-browser and cross-device testing needs tend to grow with product complexity.
- Dominican companies undergoing digital transformation, modernization, or migration from manual processes to software-driven operations, since they often need short-term QA acceleration.
- Companies that publicly reference agile delivery, fast release cycles, or DevOps practices, because outsourced QA and automation usually deliver clearer ROI in those environments.
- Organizations with visible quality, stability, or UX-sensitive products such as banking, fintech, healthcare software, logistics platforms, or consumer apps.
- Accounts that appear to be building a team but have few or no dedicated QA hires, suggesting a gap that outsourcing can fill faster than internal hiring.
- Any company with a public need for mobile app validation on Android and iOS, as well as web compatibility testing, because those are core service strengths.
- Companies that have partnered publicly with technology vendors or integration partners and therefore may be open to external specialized service relationships.

disqualification_criteria
- Companies that do not develop or operate software products, including businesses whose websites show only informational, offline, or non-digital operations.
- Organizations that explicitly state a preference for 100% internal teams and no outsourcing for QA or development work.
- Businesses outside the relevant operating model, such as firms with no recurring software releases, no application layer, or no need for testing across web or mobile environments.
- Very small companies with no evidence of a development functio"
Sistemas Integrados de Informática - SII,Sistemas Integrados de Informática,Cold,RD - Tech Companies,62,information technology & services,quezadadominguez@gmail.com,http://www.sii.com.do,http://www.linkedin.com/company/sistemas-integrados-de-inform%c3%a1tica,https://facebook.com/pages/Sistemas-Integrados-de-Informatica/500472873352177,https://twitter.com/sii_do,41 Avenida Los Proceres,Santo Domingo,Distrito Nacional,Dominican Republic,10508,"41 Avenida Los Proceres, Santo Domingo, Distrito Nacional, Dominican Republic, 10508","software development, aplicaciones móviles, banca digital, centralización de pagos, voice banking, b2b, soluciones adaptables a presupuestos, soporte técnico, ach, desarrollo de soluciones en banca móvil y web, transacciones interbancarias, sistema de gestión de pagos y facturas, consulting, reportes regulatorios, administración de redes bancarias, innovación en servicios financieros, desarrollo de software, seguridad en sistemas, automatización de procesos bancarios, motor de pago, integración con asistentes virtuales, aplicaciones bancarias móviles, services, monitoreo proactivo de plataformas, innovación tecnológica, servicios de ti, financial services, red ach, sistema de gestión de clientes, control de transacciones por voz, integración de sistemas, automatización bancaria, servicios de publicidad interactiva, mobile banking, crm, sistema de administración de puntos de contacto bancarios, online banking, information technology and services, sistema de gestión de acciones y reportes, soluciones tecnológicas, servicios personalizados, gestión de recursos tecnológicos, consultoría en sistemas, computer systems design and related services, aplicaciones para dispositivos wearables, sistemas de información a medida, control de cuentas y transacciones, finance, information technology & services, sales, enterprise software, enterprises, computer software",'+1 809-412-2697,"Cloudflare DNS, Gmail, Outlook, Google Apps, Microsoft Office 365, ASP.NET, Nginx, Bootstrap Framework, Google Font API, Mobile Friendly, Android, Gusto, HTML Pro, CSS, Bootstrap, jQuery, Javascript, Strato, Adobe Photoshop, Adobe InDesign, Microsoft PowerPoint","","","","",236000,"",6a2880b2780af90001b40f85,6a2880b2780af90001b40f85,7375,54151,"Sistemas Integrados de Informática (SII) is an information systems development company based in Santo Domingo, Dominican Republic. Founded in 2005, SII specializes in technology solutions and consulting services, primarily for financial institutions and banking clients across the Dominican Republic and Latin America.

The company offers a variety of technology-focused services, including mobile banking solutions, online banking platforms, tablet banking applications, voice banking services, ACH services, and banking CRM systems. SII is dedicated to providing customized solutions that help clients achieve their strategic goals through effective information systems. With a team of approximately 26 employees, SII generates annual revenue of around $5 million.",2005,https://zenprospect-production.s3.amazonaws.com/uploads/pictures/68223837bcd0f60001478625/picture,"","","Detailed log of research steps taken
- Reviewed the target URL provided by the user: https://sii.com.do.
- Attempted to identify the target company from the URL/domain context and compare it against the qualification criteria for Innova Testing, which focuses on QA outsourcing, test automation, mobile/web testing, and embedded QA support for software teams in the Dominican Republic.
- The only supplied “search results” available in this prompt were unrelated tool/product pages and example company pages; none of them were sources for sii.com.do or for the target company’s website content.
- No corroborating webpage content, company description, service pages, careers pages, or LinkedIn/company profile information for sii.com.do was provided in the usable search results.
- Because no source material about sii.com.do itself was available in the supplied results, no objective company-specific observations could be verified from the target domain.

Description of business and business model
No verifiable business description could be established from the provided source material for sii.com.do. The supplied results do not include the target site’s homepage, about page, services page, or any other content that identifies the company’s business model, industry, or software activity.

Observed indicators of fit
No objective fit indicators could be verified from the provided sources. There is no sourced evidence that sii.com.do develops software, operates digital products, uses agile tooling, or has QA/testing needs aligned with Innova Testing’s offerings.

Observed indicators of disqualification
No objective disqualification indicators could be verified from the provided sources. There is also no sourced evidence that the company is outside the software/testing space, but the lack of company-specific information prevents confirmation of qualification requirements.

Relevant company news or updates identified

Relevant technologies identified in tech stack

Relevant job openings and hiring needs
",Not Enough Information,"reasoning_and_general_analysis
- Innova Testing is clearly represented by the sender context and the provided website domain, so the account should be analyzed as a QA outsourcing and software quality services provider in the Dominican Republic.
- The core offer is not generic software outsourcing; it is specifically focused on QA outsourcing, test automation, mobile/web testing, and IT project leadership integrated into client teams.
- The best-fit accounts are Dominican software builders or technology teams that need faster delivery, more testing capacity, or specialized QA leadership without hiring a full internal QA org.
- Since the site information available is limited and mostly homepage-level, the safest segmentation is based on observable company type, development activity, and hiring/technology signals rather than speculative internal pain points.
- The strongest fit signal is a company that actively ships software and therefore has recurring QA demand across releases, regression testing, and cross-platform validation.
- Companies with agile delivery practices, Jira/Azure DevOps usage, or public mentions of QA, automation, or mobile/web product work are especially relevant because they align with the service model described in the sender context.
- Companies in the Dominican Republic are the primary geographic target, but the offering can extend to nearby or international software firms if they have teams that can integrate remotely and need external QA support.
- The most valuable opportunities are likely firms that are scaling product delivery, launching new digital products, or repeatedly hiring for QA and automation roles, because those conditions suggest immediate demand and budget relevance.
- Companies that build software but insist on fully internal delivery models are weaker prospects, even if they fit the industry profile.
- Non-software businesses without a real application, platform, or product development function should be treated as poor fits because the service is built around integrating into software teams.

icp fit criteria
- Companies based in the Dominican Republic or serving the Dominican market, especially if they have software delivery teams or digital product groups.
- Firms in technology, software, IT services, SaaS, fintech, e-commerce, telecom, or digital product development where testing is part of the delivery process.
- Organizations with an internal engineering, development, or QA function that could benefit from external specialists embedded into the team.
- Teams using common delivery tooling such as Jira, Azure DevOps, or agile workflows, since the service is designed to integrate into those environments.
- Companies that release web apps, mobile apps, platforms, or custom software and therefore need repeated testing across browsers, devices, and environments.
- Businesses that appear large enough to have recurring releases but not so mature that they already operate a fully built-in QA center of excellence.
- Organizations that may need support in manual testing, regression testing, mobile validation, or coordinated QA execution but have not clearly standardized all of those capabilities in-house.
- Companies whose public materials show active product development, digital transformation, or multiple software releases per year.

high_value_fit_criteria
- Public job postings for QA analysts, test automation engineers, mobile testers, scrum masters, or QA leads, because they indicate current scaling pressure and likely demand for outsourced support.
- Evidence of rapid product growth, such as new app launches, feature-release announcements, or expansion of a digital platform that will increase testing volume.
- Companies that mention or show use of Selenium, Cypress, Appium, Jira, or Azure DevOps in their job posts, engineering pages, or technical content, since that aligns tightly with the service stack.
- Firms with multiple software products, multiple releases, or multi-platform apps because cross-browser and cross-device testing needs tend to grow with product complexity.
- Dominican companies undergoing digital transformation, modernization, or migration from manual processes to software-driven operations, since they often need short-term QA acceleration.
- Companies that publicly reference agile delivery, fast release cycles, or DevOps practices, because outsourced QA and automation usually deliver clearer ROI in those environments.
- Organizations with visible quality, stability, or UX-sensitive products such as banking, fintech, healthcare software, logistics platforms, or consumer apps.
- Accounts that appear to be building a team but have few or no dedicated QA hires, suggesting a gap that outsourcing can fill faster than internal hiring.
- Any company with a public need for mobile app validation on Android and iOS, as well as web compatibility testing, because those are core service strengths.
- Companies that have partnered publicly with technology vendors or integration partners and therefore may be open to external specialized service relationships.

disqualification_criteria
- Companies that do not develop or operate software products, including businesses whose websites show only informational, offline, or non-digital operations.
- Organizations that explicitly state a preference for 100% internal teams and no outsourcing for QA or development work.
- Businesses outside the relevant operating model, such as firms with no recurring software releases, no application layer, or no need for testing across web or mobile environments.
- Very small companies with no evidence of a development functio"
CSIRT-RD,CSIRT-RD,Cold,RD - Tech Companies,57,information technology & services,quezadadominguez@gmail.com,"",http://www.linkedin.com/company/csirtrd,https://www.facebook.com/cncsrd/,https://twitter.com/cncsrd/,"",Santo Domingo,National District,Dominican Republic,"","Santo Domingo, National District, Dominican Republic","ciberseguridad, it services & it consulting, information technology & services","","Google Search Console, CloudFlare CDN, Cloudflare DNS, Microsoft Email Providers, Microsoft Exchange Online, Outlook, Microsoft 365, Microsoft 365 Apps & Services, Microsoft Exchange, Office365, CloudFlare Hosting, Microsoft Office 365, CloudFlare, Gravity Forms, Google Tag Manager, WordPress.org, Google Font API, Mobile Friendly, Nginx, Gusto","","","","","","",6a2880b2780af90001b40f84,6a2880b2780af90001b40f84,"","","CSIRT-RD is the National Cyber Incident Response Team of the Dominican Republic, established on June 19, 2018. It operates under the National Cybersecurity Center (CNCS) and serves as the government's main authority for cybersecurity and incident response. The team is dedicated to preventing, detecting, mitigating, and responding to ICT and internet-related incidents to safeguard national security.

Headquartered in Santo Domingo, CSIRT-RD provides both reactive and proactive cybersecurity services. Reactive services include incident reporting, analysis, and vulnerability remediation advice. Proactive services involve issuing alerts on new threats, conducting awareness campaigns, and offering practical advice to the public and small businesses. The team collaborates with various sectors, including government institutions and the academic community, to enhance the national cybersecurity posture and raise awareness among citizens. CSIRT-RD is a member of the Forum of Incident Response and Security Teams (FIRST) and maintains a commitment to sharing knowledge and resources for improved cybersecurity.",2019,https://zenprospect-production.s3.amazonaws.com/uploads/pictures/66f3b3ff1dff3d00011ab45c/picture,"","","","","reasoning_and_general_analysis
- Innova Testing is clearly represented by the sender context and the provided website domain, so the account should be analyzed as a QA outsourcing and software quality services provider in the Dominican Republic.
- The core offer is not generic software outsourcing; it is specifically focused on QA outsourcing, test automation, mobile/web testing, and IT project leadership integrated into client teams.
- The best-fit accounts are Dominican software builders or technology teams that need faster delivery, more testing capacity, or specialized QA leadership without hiring a full internal QA org.
- Since the site information available is limited and mostly homepage-level, the safest segmentation is based on observable company type, development activity, and hiring/technology signals rather than speculative internal pain points.
- The strongest fit signal is a company that actively ships software and therefore has recurring QA demand across releases, regression testing, and cross-platform validation.
- Companies with agile delivery practices, Jira/Azure DevOps usage, or public mentions of QA, automation, or mobile/web product work are especially relevant because they align with the service model described in the sender context.
- Companies in the Dominican Republic are the primary geographic target, but the offering can extend to nearby or international software firms if they have teams that can integrate remotely and need external QA support.
- The most valuable opportunities are likely firms that are scaling product delivery, launching new digital products, or repeatedly hiring for QA and automation roles, because those conditions suggest immediate demand and budget relevance.
- Companies that build software but insist on fully internal delivery models are weaker prospects, even if they fit the industry profile.
- Non-software businesses without a real application, platform, or product development function should be treated as poor fits because the service is built around integrating into software teams.

icp fit criteria
- Companies based in the Dominican Republic or serving the Dominican market, especially if they have software delivery teams or digital product groups.
- Firms in technology, software, IT services, SaaS, fintech, e-commerce, telecom, or digital product development where testing is part of the delivery process.
- Organizations with an internal engineering, development, or QA function that could benefit from external specialists embedded into the team.
- Teams using common delivery tooling such as Jira, Azure DevOps, or agile workflows, since the service is designed to integrate into those environments.
- Companies that release web apps, mobile apps, platforms, or custom software and therefore need repeated testing across browsers, devices, and environments.
- Businesses that appear large enough to have recurring releases but not so mature that they already operate a fully built-in QA center of excellence.
- Organizations that may need support in manual testing, regression testing, mobile validation, or coordinated QA execution but have not clearly standardized all of those capabilities in-house.
- Companies whose public materials show active product development, digital transformation, or multiple software releases per year.

high_value_fit_criteria
- Public job postings for QA analysts, test automation engineers, mobile testers, scrum masters, or QA leads, because they indicate current scaling pressure and likely demand for outsourced support.
- Evidence of rapid product growth, such as new app launches, feature-release announcements, or expansion of a digital platform that will increase testing volume.
- Companies that mention or show use of Selenium, Cypress, Appium, Jira, or Azure DevOps in their job posts, engineering pages, or technical content, since that aligns tightly with the service stack.
- Firms with multiple software products, multiple releases, or multi-platform apps because cross-browser and cross-device testing needs tend to grow with product complexity.
- Dominican companies undergoing digital transformation, modernization, or migration from manual processes to software-driven operations, since they often need short-term QA acceleration.
- Companies that publicly reference agile delivery, fast release cycles, or DevOps practices, because outsourced QA and automation usually deliver clearer ROI in those environments.
- Organizations with visible quality, stability, or UX-sensitive products such as banking, fintech, healthcare software, logistics platforms, or consumer apps.
- Accounts that appear to be building a team but have few or no dedicated QA hires, suggesting a gap that outsourcing can fill faster than internal hiring.
- Any company with a public need for mobile app validation on Android and iOS, as well as web compatibility testing, because those are core service strengths.
- Companies that have partnered publicly with technology vendors or integration partners and therefore may be open to external specialized service relationships.

disqualification_criteria
- Companies that do not develop or operate software products, including businesses whose websites show only informational, offline, or non-digital operations.
- Organizations that explicitly state a preference for 100% internal teams and no outsourcing for QA or development work.
- Businesses outside the relevant operating model, such as firms with no recurring software releases, no application layer, or no need for testing across web or mobile environments.
- Very small companies with no evidence of a development functio"
Flobe Group,Flobe Group,Cold,RD - Tech Companies,250,outsourcing/offshoring,quezadadominguez@gmail.com,http://www.flobegroup.com,http://www.linkedin.com/company/flobe-group,"","","",Santiago De Los Caballeros,Santiago Province,Dominican Republic,"","Santiago De Los Caballeros, Santiago Province, Dominican Republic","telemarketing, back office, business intelligence, ommnichannel, technology solutions, ivr transaccional, inbound, statistics, outbound, online report, customer support, outsourcing & offshoring consulting, analytics, information technology & services, outsourcing/offshoring",'+1 203-484-2737,"Cloudflare DNS, CloudFlare Hosting","","","","","","",6a2880b2780af90001b40f89,6a2880b2780af90001b40f89,"","","Somos una compañía nacida en Ecuador, líderes en Latinoamérica en servicios Call / Contact Center y gestiones de las relaciones con clientes (CRM) y tercerización de procesos de negocio (BPO). Contamos con un amplio portafolio de soluciones innovadoras que van de lo convencional a lo digital contribuyendo al éxito de las marcas con el objetivo de mejorar las experiencias de sus clientes. Al mismo tiempo, brindamos un sistema de acompañamiento y consultoría de negocios a nuestros clientes directos.

Contamos con más de 20 años de experiencia en el mercado internacional para el área de Call Center en Banca, Seguros, Telecomunicaciones, Servicios y Soluciones tecnológicas.",2016,https://zenprospect-production.s3.amazonaws.com/uploads/pictures/67285488c5cccf0001007a0a/picture,"","","Detailed log of research steps taken
- I used the provided target URL, https://flobegroup.com, as the primary starting point and verified that the research task was about Flobe Group rather than a similarly named company.
- I checked the provided search context and found no company-specific search results for Flobe Group in the supplied results set; the visible results were unrelated tool/documentation pages and unrelated Target Corporation pages.
- Because the supplied results did not include usable Flobe Group page excerpts, I could not reliably extract company description, services, hiring, news, or technology details from the available search data.
- No relevant job postings were identified in the prompt context for flobegroup.com.
- The only technology signal provided in the prompt context was cloudflare_dns and cloudflare_hosting, which indicates the site uses Cloudflare infrastructure but does not by itself reveal software development, QA needs, or outsourcing fit.

Description of business and business model
Flobe Group’s business model could not be determined from the available search results provided in this task. No authoritative page excerpts about its products, services, industry, customer base, or operating geography were included in the results set.

Observed indicators of fit
There are no explicit indicators in the provided search results showing that Flobe Group develops software, operates a digital product team, or needs QA outsourcing. There are also no visible signals of agile delivery, mobile/web product releases, or hiring for QA, automation, or development roles in the provided material. Based on the available evidence, no positive fit indicators can be confirmed.

Observed indicators of disqualification
No qualification or disqualification criteria can be confirmed from the provided results because the company’s business model is not visible in the supplied evidence. The available material does not show whether Flobe Group is a software company, a non-software business, or an organization that prefers fully internal teams. There are no job postings, product pages, or technical pages in the provided results that would support a stronger conclusion.

Relevant company news or updates identified
- No Flobe Group news, press releases, product announcements, funding updates, or hiring updates were identified in the provided search results.

Relevant technologies identified in tech stack
- cloudflare_dns
- cloudflare_hosting

Relevant job openings and hiring needs
- None identified",Not Enough Information,"reasoning_and_general_analysis
- Innova Testing is clearly represented by the sender context and the provided website domain, so the account should be analyzed as a QA outsourcing and software quality services provider in the Dominican Republic.
- The core offer is not generic software outsourcing; it is specifically focused on QA outsourcing, test automation, mobile/web testing, and IT project leadership integrated into client teams.
- The best-fit accounts are Dominican software builders or technology teams that need faster delivery, more testing capacity, or specialized QA leadership without hiring a full internal QA org.
- Since the site information available is limited and mostly homepage-level, the safest segmentation is based on observable company type, development activity, and hiring/technology signals rather than speculative internal pain points.
- The strongest fit signal is a company that actively ships software and therefore has recurring QA demand across releases, regression testing, and cross-platform validation.
- Companies with agile delivery practices, Jira/Azure DevOps usage, or public mentions of QA, automation, or mobile/web product work are especially relevant because they align with the service model described in the sender context.
- Companies in the Dominican Republic are the primary geographic target, but the offering can extend to nearby or international software firms if they have teams that can integrate remotely and need external QA support.
- The most valuable opportunities are likely firms that are scaling product delivery, launching new digital products, or repeatedly hiring for QA and automation roles, because those conditions suggest immediate demand and budget relevance.
- Companies that build software but insist on fully internal delivery models are weaker prospects, even if they fit the industry profile.
- Non-software businesses without a real application, platform, or product development function should be treated as poor fits because the service is built around integrating into software teams.

icp fit criteria
- Companies based in the Dominican Republic or serving the Dominican market, especially if they have software delivery teams or digital product groups.
- Firms in technology, software, IT services, SaaS, fintech, e-commerce, telecom, or digital product development where testing is part of the delivery process.
- Organizations with an internal engineering, development, or QA function that could benefit from external specialists embedded into the team.
- Teams using common delivery tooling such as Jira, Azure DevOps, or agile workflows, since the service is designed to integrate into those environments.
- Companies that release web apps, mobile apps, platforms, or custom software and therefore need repeated testing across browsers, devices, and environments.
- Businesses that appear large enough to have recurring releases but not so mature that they already operate a fully built-in QA center of excellence.
- Organizations that may need support in manual testing, regression testing, mobile validation, or coordinated QA execution but have not clearly standardized all of those capabilities in-house.
- Companies whose public materials show active product development, digital transformation, or multiple software releases per year.

high_value_fit_criteria
- Public job postings for QA analysts, test automation engineers, mobile testers, scrum masters, or QA leads, because they indicate current scaling pressure and likely demand for outsourced support.
- Evidence of rapid product growth, such as new app launches, feature-release announcements, or expansion of a digital platform that will increase testing volume.
- Companies that mention or show use of Selenium, Cypress, Appium, Jira, or Azure DevOps in their job posts, engineering pages, or technical content, since that aligns tightly with the service stack.
- Firms with multiple software products, multiple releases, or multi-platform apps because cross-browser and cross-device testing needs tend to grow with product complexity.
- Dominican companies undergoing digital transformation, modernization, or migration from manual processes to software-driven operations, since they often need short-term QA acceleration.
- Companies that publicly reference agile delivery, fast release cycles, or DevOps practices, because outsourced QA and automation usually deliver clearer ROI in those environments.
- Organizations with visible quality, stability, or UX-sensitive products such as banking, fintech, healthcare software, logistics platforms, or consumer apps.
- Accounts that appear to be building a team but have few or no dedicated QA hires, suggesting a gap that outsourcing can fill faster than internal hiring.
- Any company with a public need for mobile app validation on Android and iOS, as well as web compatibility testing, because those are core service strengths.
- Companies that have partnered publicly with technology vendors or integration partners and therefore may be open to external specialized service relationships.

disqualification_criteria
- Companies that do not develop or operate software products, including businesses whose websites show only informational, offline, or non-digital operations.
- Organizations that explicitly state a preference for 100% internal teams and no outsourcing for QA or development work.
- Businesses outside the relevant operating model, such as firms with no recurring software releases, no application layer, or no need for testing across web or mobile environments.
- Very small companies with no evidence of a development functio"
Omega Tech,Omega Tech,Cold,RD - Tech Companies,310,information technology & services,quezadadominguez@gmail.com,http://www.omega.com.do,http://www.linkedin.com/company/omega-tech,https://facebook.com/OmegaTechDR,https://twitter.com/omegatechrd,Avenida John F. Kennedy,Santo Domingo,Distrito Nacional,Dominican Republic,10203,"Avenida John F. Kennedy, Santo Domingo, Distrito Nacional, Dominican Republic, 10203","soluciones de hardware y software & suplidor autorizado por la dgii de impresoras fiscales, suplidor autorizado por la dgii de impresoras fiscales, soluciones de hardware y software, it services & it consulting, consulting, it product sourcing, it hardware leasing, it asset tracking, office equipment, it asset management, it compliance consulting, it software licensing, it hardware repair, consumer electronics, it system integration, technology solutions, it hardware warranties, technology, technology distribution, it system deployment, online store, software, digital solutions, it infrastructure design, it managed services, it remote monitoring, b2b, it customer support, it reseller partnerships, it consulting services, retail technology, software solutions, hardware, wholesale technology, enterprise solutions, it solutions provider, cybersecurity, it compliance solutions, tech retail, data security, tech products, it reseller programs, it hardware customization, customer service, it services, it integration, product distribution, it consulting, it disaster recovery, computer and computer peripheral equipment and software merchant wholesalers, sales, it support services, it project management, it reseller, electronics retail, it product lifecycle management, services, it technical support, user experience, e-commerce, it support, it hardware, it infrastructure, it security audits, cloud computing, computer accessories, it maintenance, it products, enterprise hardware, it network management, it procurement, business technology, corporate services, it network setup, software development, it security solutions, technology retail, network security appliances, network equipment, network security, computer hardware and software, it hardware sales, it training, information technology and services, retail, government, it upgrade services, b2c, distribution, information technology & services, consumers, enterprise software, enterprises, computer software, computer & network security, management consulting, ux, consumer internet, internet",'+1 809-683-4343,"Microsoft Office 365, Apache, ASP.NET, Google Font API, Facebook Widget, Facebook Login (Connect), Bootstrap Framework, Facebook Custom Audiences, Mobile Friendly, Google Analytics, Android, Gusto","","","","",131000,"",6a2880b2780af90001b40f8b,6a2880b2780af90001b40f8b,3571,"42343, 44921, 541512, 44-45","Omega Tech, based in the Dominican Republic, has been providing high-tech products and technology solutions since its founding in 2002. The company is headquartered in Santo Domingo Este and operates in the consumer services, IT, and computer sectors. With a workforce of 250-499 employees, Omega Tech generates annual revenue estimated between $50 million and $66.3 million.

The company specializes in a range of services, including computer services, IT consulting, and repair services. Omega Tech is committed to delivering exceptional service and competitive pricing, utilizing technologies from Cloudflare, Microsoft, and Google. It serves a diverse clientele, including homes and businesses throughout the Dominican Republic, and engages in international trade, with shipments noted to entities like Globe.",2002,https://zenprospect-production.s3.amazonaws.com/uploads/pictures/679e98d9a215880001aaac32/picture,"","","Detailed log of research steps taken
- Reviewed the provided target URL as the primary source of truth: https://omega.com.do.
- Checked the available search results for the exact domain and company identity, but the search results returned only general company-research guides and unrelated Target Corporation pages, not Omega’s own site content.
- Because no direct Omega pages were returned in the provided results, I could not verify homepage text, About/Services/Blog/Careers pages, press mentions, or customer references from the target domain within the available evidence.
- Used the supplied tech stack as a secondary signal source and treated only the technologies explicitly listed there as observable account-level signals.
- No job postings were provided for omega.com.do, so hiring-related indicators could not be confirmed from the available material.

Description of business and business model
Omega appears to be a company associated with the domain omega.com.do, but the provided research results do not include enough direct site content to describe its business model with confidence. No verified evidence in the supplied results confirms whether it is a software company, a technology services firm, or a non-software business. The only objective account-level information available is the listed tech stack and the absence of identified job postings.

Observed indicators of fit
- The supplied tech stack includes ASP.NET, Apache, Android, and mobile_friendly, which can be consistent with a company that operates digital products or web/mobile applications.
- The presence of Google Analytics, Bootstrap Framework, Office 365, and Gusto suggests a functioning business with web presence and internal operations, but not enough to determine software development activity.
- No direct evidence was provided of QA needs, software release activity, Jira/Azure DevOps usage, or product development cadence.
- Based on the available evidence alone, there is not enough proof to confirm that this company matches the ideal profile of a Dominican software builder needing outsourced QA.

Observed indicators of disqualification
- No verified public evidence was provided that omega.com.do develops software products or maintains an engineering organization.
- No job openings were found, so there is no observable hiring signal for QA, automation, mobile testing, or related roles.
- The available information does not show whether the company uses agile delivery, recurring releases, or embedded development teams, which are core indicators for fit.
- There is also no evidence that the company is based in the Dominican Republic beyond the .do domain, so geography cannot be fully confirmed from the provided results.
- Because the site content itself was not available in the search results, there is insufficient evidence to rule in or out whether this is a strong fit, weak fit, or non-fit.

Relevant company news or updates identified
- No company news, press releases, blog updates, acquisition announcements, leadership changes, or product launch information for omega.com.do were identified in the provided results.

Relevant technologies identified in tech stack
- ASP.NET
- Apache
- Android
- mobile_friendly
- Google Analytics
- Bootstrap Framework
- Office 365
- Gusto

Relevant job openings and hiring needs
- None identified",Not Enough Information,"reasoning_and_general_analysis
- Innova Testing is clearly represented by the sender context and the provided website domain, so the account should be analyzed as a QA outsourcing and software quality services provider in the Dominican Republic.
- The core offer is not generic software outsourcing; it is specifically focused on QA outsourcing, test automation, mobile/web testing, and IT project leadership integrated into client teams.
- The best-fit accounts are Dominican software builders or technology teams that need faster delivery, more testing capacity, or specialized QA leadership without hiring a full internal QA org.
- Since the site information available is limited and mostly homepage-level, the safest segmentation is based on observable company type, development activity, and hiring/technology signals rather than speculative internal pain points.
- The strongest fit signal is a company that actively ships software and therefore has recurring QA demand across releases, regression testing, and cross-platform validation.
- Companies with agile delivery practices, Jira/Azure DevOps usage, or public mentions of QA, automation, or mobile/web product work are especially relevant because they align with the service model described in the sender context.
- Companies in the Dominican Republic are the primary geographic target, but the offering can extend to nearby or international software firms if they have teams that can integrate remotely and need external QA support.
- The most valuable opportunities are likely firms that are scaling product delivery, launching new digital products, or repeatedly hiring for QA and automation roles, because those conditions suggest immediate demand and budget relevance.
- Companies that build software but insist on fully internal delivery models are weaker prospects, even if they fit the industry profile.
- Non-software businesses without a real application, platform, or product development function should be treated as poor fits because the service is built around integrating into software teams.

icp fit criteria
- Companies based in the Dominican Republic or serving the Dominican market, especially if they have software delivery teams or digital product groups.
- Firms in technology, software, IT services, SaaS, fintech, e-commerce, telecom, or digital product development where testing is part of the delivery process.
- Organizations with an internal engineering, development, or QA function that could benefit from external specialists embedded into the team.
- Teams using common delivery tooling such as Jira, Azure DevOps, or agile workflows, since the service is designed to integrate into those environments.
- Companies that release web apps, mobile apps, platforms, or custom software and therefore need repeated testing across browsers, devices, and environments.
- Businesses that appear large enough to have recurring releases but not so mature that they already operate a fully built-in QA center of excellence.
- Organizations that may need support in manual testing, regression testing, mobile validation, or coordinated QA execution but have not clearly standardized all of those capabilities in-house.
- Companies whose public materials show active product development, digital transformation, or multiple software releases per year.

high_value_fit_criteria
- Public job postings for QA analysts, test automation engineers, mobile testers, scrum masters, or QA leads, because they indicate current scaling pressure and likely demand for outsourced support.
- Evidence of rapid product growth, such as new app launches, feature-release announcements, or expansion of a digital platform that will increase testing volume.
- Companies that mention or show use of Selenium, Cypress, Appium, Jira, or Azure DevOps in their job posts, engineering pages, or technical content, since that aligns tightly with the service stack.
- Firms with multiple software products, multiple releases, or multi-platform apps because cross-browser and cross-device testing needs tend to grow with product complexity.
- Dominican companies undergoing digital transformation, modernization, or migration from manual processes to software-driven operations, since they often need short-term QA acceleration.
- Companies that publicly reference agile delivery, fast release cycles, or DevOps practices, because outsourced QA and automation usually deliver clearer ROI in those environments.
- Organizations with visible quality, stability, or UX-sensitive products such as banking, fintech, healthcare software, logistics platforms, or consumer apps.
- Accounts that appear to be building a team but have few or no dedicated QA hires, suggesting a gap that outsourcing can fill faster than internal hiring.
- Any company with a public need for mobile app validation on Android and iOS, as well as web compatibility testing, because those are core service strengths.
- Companies that have partnered publicly with technology vendors or integration partners and therefore may be open to external specialized service relationships.

disqualification_criteria
- Companies that do not develop or operate software products, including businesses whose websites show only informational, offline, or non-digital operations.
- Organizations that explicitly state a preference for 100% internal teams and no outsourcing for QA or development work.
- Businesses outside the relevant operating model, such as firms with no recurring software releases, no application layer, or no need for testing across web or mobile environments.
- Very small companies with no evidence of a development functio"
Synergies Corp.,Synergies,Cold,RD - Tech Companies,510,outsourcing/offshoring,quezadadominguez@gmail.com,http://www.synergiescorp.com,http://www.linkedin.com/company/synergies-bpo,https://www.facebook.com/synergiescorp/,https://twitter.com/synergiescorp,Avenida Bartolome Colon,Santiago De Los Caballeros,Santiago,Dominican Republic,51101,"Avenida Bartolome Colon, Santiago De Los Caballeros, Santiago, Dominican Republic, 51101","prospecting sales, order management, bpo & it outsourcing, healthcare, customer care, compliance audit, professional services, real estate, technology, technical support, automotive, insurance, prospecting amp sales, financial, outsourcing in dominican republic, insurance services, operational efficiency, financial outsourcing, content mediation, content moderation profile photos, cybersecurity, pci dss compliant, devops, outsourcing, market research, services, iso 9001 certified, virtual assistance, financial reporting, fintech, help desk support, customer retention, transportation, insurance claims, iso 27001, security compliance, b2b, computer systems design and related services, business process outsourcing, bpo services, cloud computing, software development, sales outsourcing, scalability, it support, cloud support, customer satisfaction, quality assurance, cost efficiency, content management, hipaa compliance, content moderation social media, multilingual support, it services, iso 27001 certified, regulatory compliance, telecommunications, pci dss, software engineering, cost reduction, quality management, iso 9001, bpo, financial services, hipaa compliant, payment processing, data security, cloud services, sales support, content moderation, lead generation, nearshore outsourcing, finance, non-profit, transportation & logistics, construction & real estate, health care, health, wellness & fitness, hospital & health care, professional training & coaching, finance technology, information technology & services, enterprise software, enterprises, computer software, computer & network security, marketing & advertising, sales, nonprofit organization management",'+1 809-226-1771,"Outlook, GoDaddy Hosting, Microsoft Office 365, Amazon AWS, Oracle Cloud, Slack, WordPress.org, Varnish, reCAPTCHA, Shutterstock, Google Tag Manager, Mobile Friendly, Google Font API, Bootstrap Framework, Gusto","","","","","","",6a287e125731b3000183899a,6a287e125731b3000183899a,7389,54151,"Synergies Corp. is a prominent nearshore outsourcing company located in Santiago, Dominican Republic. Established in 2005 and officially launched in 2006, it specializes in contact center services and business process outsourcing (BPO) solutions. With around 615 employees, the company emphasizes performance, quality, and customer satisfaction, operating with a client-centered approach across various industries. Synergies Corp. is recognized as the first contact center in the Caribbean to achieve both ISO 9001 and ISO 27001 certifications, highlighting its commitment to quality management and information security.

The company offers a wide range of services, including customer care and technical support, mortgage and title services, sales support, IT outsourcing, and digital marketing campaigns. Synergies Corp. operates several specialized subsidiaries, such as Synergies Strategic Services and Synergies First, which focus on customer care and BPO services. The company serves clients in diverse sectors, including real estate, healthcare, and technology, and works with Fortune 100 and Fortune 500 clients. Additionally, Synergies Corp. is dedicated to social responsibility through its Synergies Cares Foundation, which supports education initiatives in local communities.",2006,https://zenprospect-production.s3.amazonaws.com/uploads/pictures/686fa071b7f7c2000136e18c/picture,"","","Detailed log of research steps taken
- Started with the provided target URL, https://synergiescorp.com, to confirm the exact account under review.
- Checked the available search results for sources specifically tied to Synergies Corp and found no direct company-page result in the supplied search set.
- Reviewed the target-company research guidance results only as process references; these were not used as company facts because they are generic research-method articles, not sources about Synergies Corp.
- Because the supplied search results contained no direct pages from synergiescorp.com, no claims were made about Synergies Corp’s business, services, geography, hiring, news, or technology beyond the fact that the domain itself was the starting point of the research request.
- The job-openings input indicated no job postings were found.

Description of business and business model
No verifiable company-specific information about Synergies Corp was available in the provided search results. Based on the absence of indexed source material, the company’s business model, offerings, and operating geography could not be confirmed from the evidence supplied.

Observed indicators of fit
No objective fit indicators could be verified from the supplied sources. There is no confirmed evidence in the provided results that Synergies Corp develops software, operates a digital product, or has QA/testing needs aligned with Innova Testing’s outsourcing and automation services.

Observed indicators of disqualification
The available evidence is insufficient to confirm qualification requirements such as software development activity, mobile/web product work, or engineering hiring. No public job postings were found in the supplied input, and no source material was provided showing a need for outsourced QA, test automation, or project leadership.

Relevant company news or updates identified

Relevant technologies identified in tech stack
- outlook
- godaddy_hosting
- office_365
- amazon_aws
- oracle_cloud
- slack
- wordpress_org
- varnish
- recaptcha
- shutterstock
- google_tag_manager
- mobile_friendly
- google_font_api
- bootstrap_framework
- gusto

Relevant job openings and hiring needs
",Not Enough Information,"reasoning_and_general_analysis
- Innova Testing is clearly represented by the sender context and the provided website domain, so the account should be analyzed as a QA outsourcing and software quality services provider in the Dominican Republic.
- The core offer is not generic software outsourcing; it is specifically focused on QA outsourcing, test automation, mobile/web testing, and IT project leadership integrated into client teams.
- The best-fit accounts are Dominican software builders or technology teams that need faster delivery, more testing capacity, or specialized QA leadership without hiring a full internal QA org.
- Since the site information available is limited and mostly homepage-level, the safest segmentation is based on observable company type, development activity, and hiring/technology signals rather than speculative internal pain points.
- The strongest fit signal is a company that actively ships software and therefore has recurring QA demand across releases, regression testing, and cross-platform validation.
- Companies with agile delivery practices, Jira/Azure DevOps usage, or public mentions of QA, automation, or mobile/web product work are especially relevant because they align with the service model described in the sender context.
- Companies in the Dominican Republic are the primary geographic target, but the offering can extend to nearby or international software firms if they have teams that can integrate remotely and need external QA support.
- The most valuable opportunities are likely firms that are scaling product delivery, launching new digital products, or repeatedly hiring for QA and automation roles, because those conditions suggest immediate demand and budget relevance.
- Companies that build software but insist on fully internal delivery models are weaker prospects, even if they fit the industry profile.
- Non-software businesses without a real application, platform, or product development function should be treated as poor fits because the service is built around integrating into software teams.

icp fit criteria
- Companies based in the Dominican Republic or serving the Dominican market, especially if they have software delivery teams or digital product groups.
- Firms in technology, software, IT services, SaaS, fintech, e-commerce, telecom, or digital product development where testing is part of the delivery process.
- Organizations with an internal engineering, development, or QA function that could benefit from external specialists embedded into the team.
- Teams using common delivery tooling such as Jira, Azure DevOps, or agile workflows, since the service is designed to integrate into those environments.
- Companies that release web apps, mobile apps, platforms, or custom software and therefore need repeated testing across browsers, devices, and environments.
- Businesses that appear large enough to have recurring releases but not so mature that they already operate a fully built-in QA center of excellence.
- Organizations that may need support in manual testing, regression testing, mobile validation, or coordinated QA execution but have not clearly standardized all of those capabilities in-house.
- Companies whose public materials show active product development, digital transformation, or multiple software releases per year.

high_value_fit_criteria
- Public job postings for QA analysts, test automation engineers, mobile testers, scrum masters, or QA leads, because they indicate current scaling pressure and likely demand for outsourced support.
- Evidence of rapid product growth, such as new app launches, feature-release announcements, or expansion of a digital platform that will increase testing volume.
- Companies that mention or show use of Selenium, Cypress, Appium, Jira, or Azure DevOps in their job posts, engineering pages, or technical content, since that aligns tightly with the service stack.
- Firms with multiple software products, multiple releases, or multi-platform apps because cross-browser and cross-device testing needs tend to grow with product complexity.
- Dominican companies undergoing digital transformation, modernization, or migration from manual processes to software-driven operations, since they often need short-term QA acceleration.
- Companies that publicly reference agile delivery, fast release cycles, or DevOps practices, because outsourced QA and automation usually deliver clearer ROI in those environments.
- Organizations with visible quality, stability, or UX-sensitive products such as banking, fintech, healthcare software, logistics platforms, or consumer apps.
- Accounts that appear to be building a team but have few or no dedicated QA hires, suggesting a gap that outsourcing can fill faster than internal hiring.
- Any company with a public need for mobile app validation on Android and iOS, as well as web compatibility testing, because those are core service strengths.
- Companies that have partnered publicly with technology vendors or integration partners and therefore may be open to external specialized service relationships.

disqualification_criteria
- Companies that do not develop or operate software products, including businesses whose websites show only informational, offline, or non-digital operations.
- Organizations that explicitly state a preference for 100% internal teams and no outsourcing for QA or development work.
- Businesses outside the relevant operating model, such as firms with no recurring software releases, no application layer, or no need for testing across web or mobile environments.
- Very small companies with no evidence of a development functio"
Neural Technology Solutions,Neural Technology Solutions,Cold,RD - Tech Companies,55,information technology & services,quezadadominguez@gmail.com,http://www.neural.com.do,http://www.linkedin.com/company/neural-technology-solutions,"","",Pablo Pumarol,Santo Domingo,Distrito Nacional,Dominican Republic,10132,"Pablo Pumarol, Santo Domingo, Distrito Nacional, Dominican Republic, 10132","software development, search engine optimization, it consulting & planning, equipment installation, it management, devops, network & security, it services & it consulting, seo, it equipment sales and maintenance, risk management, it consulting, digital transformation, data protection, client-specific solutions, devops practices, it project evaluation, quality assurance processes, quality assurance, technology services, ai and analytics, software engineering, b2b, software architecture, custom software, it support, client collaboration, business automation, technology consulting, security systems, it equipment sales, business intelligence, computer systems design and related services, cloud infrastructure, software applications, business process automation, network security, custom software solutions, strategic technology planning, network infrastructure, it infrastructure planning, security system installation, seo services, user experience, it maintenance, client strategic partnership, technology strategy, it support and maintenance, software development services, services, cloud solutions, custom technology solutions, strategic planning, it consulting services, business consulting, security systems installation, process optimization, ai analytics, local talent team, information technology, security installation, application development, project management, consulting, ai, information technology & services, search marketing, marketing, marketing & advertising, management consulting, analytics, enterprise software, enterprises, computer software, internet infrastructure, internet, computer & network security, ux, cloud computing, app development, apps, productivity",'+1 809-545-5185,"Outlook, Microsoft Office 365, Facebook Widget, Optimizely, LiveChat, Shopify, Typekit, AngularJS, AddThis, Google AdSense, Facebook Login (Connect), Facebook Custom Audiences, Facebook Like Button, Google Font API, reCAPTCHA, Nginx, Woo Commerce, Bootstrap Framework, Google Play, Google Tag Manager, Vimeo, Mobile Friendly, Hubspot, WordPress.org, CrazyEgg, MailChimp, Linkedin Marketing Solutions, Gusto, AI, WhatsApp, Telegram, .NET, React, Azure Devops, Atlassian Confluence, Flow, INAP, Jira, Ning, Notion, Salesforce, Salesforce Lightning, Salesforce Lightning Web Components","","","","","","",6a287e125731b3000183899d,6a287e125731b3000183899d,7371,54151,"Neural Technology Solutions, SRL is an IT services and consulting company based in Santo Domingo, Dominican Republic. Founded in 2014 by brothers Diogenes and Richel Hernandez, the company focuses on delivering high-quality technology solutions tailored to enhance business value and automate processes. With a team of around 65 local experts, Neural Technology Solutions partners with companies worldwide to provide customized, cost-effective services.

The company offers a range of services, including software development for mobile, web, and desktop applications, quality assurance and testing, project management, IT equipment sales and maintenance, security system installation, network infrastructure setup, and technical support. Neural Technology Solutions aims to create fresh proposals that meet clients' needs at any stage of their projects, emphasizing leadership, ethicality, and collaboration in its operations.",2014,https://zenprospect-production.s3.amazonaws.com/uploads/pictures/6729826cfa7f3a0001dd9e46/picture,"","","Detailed log of research steps taken
- Reviewed the provided target URL as the primary source of truth for the account: https://neural.com.do.
- Cross-checked the target company identity against the supplied job opening title: “Ejecutivo(a) Junior de Ventas y Seguimiento Comercial.”
- Used the available research context to frame the account against Innova Testing’s ICP: Dominican software companies, technology teams, and organizations that may benefit from outsourced QA, automation, or embedded testing support.
- Examined the available company-level signals in the prompt, including the target domain, the identified job opening title, and the provided tech stack list.
- No additional page-level content from neural.com.do was provided in the search results, so the report is limited to objective facts explicitly available from the prompt and the company context supplied with it.

Description of business and business model
- The available evidence identifies Neural as a company operating at neural.com.do, but no direct website content, service description, or product catalog was provided in the research results.
- The only explicit hiring signal provided is a role titled “Ejecutivo(a) Junior de Ventas y Seguimiento Comercial,” which suggests the company has a commercial or sales function.
- The supplied tech stack includes tools commonly associated with a web-facing business, CRM/marketing operations, collaboration, and application development, but the prompt does not provide confirmation of Neural’s exact products or industry.
- Based on the current evidence, the business model cannot be precisely described beyond the fact that it appears to have an active commercial organization and a digital presence.

Observed indicators of fit
- The company has at least one active job opening, which can indicate operational activity and a need for growth support.
- The presence of software-related technologies in the supplied stack, including Azure DevOps, Jira, Confluence, React, AngularJS, and AI, may indicate a digital or software-oriented environment relevant to QA outsourcing.
- The target domain is Dominican (.com.do), which aligns geographically with Innova Testing’s primary market focus in the Dominican Republic.
- The sales/commercial hiring signal could imply a company with ongoing business development efforts, which sometimes correlates with scaling operations that also require quality assurance support.

Observed indicators of disqualification
- There is no explicit evidence in the provided materials that Neural develops software products, operates a digital platform, or maintains a recurring release cycle.
- There is no direct evidence of QA needs, testing pain points, mobile/web product complexity, or use of outsourced technical teams.
- The only clearly identified opening is commercial rather than technical, so the available hiring signal does not directly confirm software delivery or QA scaling needs.
- There is also no explicit evidence that the company is in an anti-persona category, but the current information is insufficient to verify that it is a strong fit.

Relevant company news or updates identified
- A public job opening was identified for “Ejecutivo(a) Junior de Ventas y Seguimiento Comercial.”
- No other company news, press releases, product announcements, funding updates, leadership changes, or launch events were provided in the available research results.

Relevant technologies identified in tech stack
- Azure DevOps
- Jira
- Confluence
- React
- AngularJS
- AI
- WhatsApp
- Telegram
- HubSpot
- Salesforce
- Salesforce Lightning
- Salesforce Lightning Web Components
- WordPress.org
- Nginx
- Bootstrap Framework
- Google Tag Manager
- Google Play
- Mobile Friendly
- LiveChat
- Optimizely
- Crazy Egg
- Mailchimp
- Shopify
- WooCommerce
- Facebook Login
- Facebook Widget
- LinkedIn Display Ads
- Office 365
- Outlook
- Gusto
- Net
- Typekit
- Google Font API
- Vimeo
- Recaptcha
- AddThis
- Facebook Like Button
- Facebook Web Custom Audiences

Relevant job openings and hiring needs
- Ejecutivo(a) Junior de Ventas y Seguimiento Comercial",Not Enough Information,"reasoning_and_general_analysis
- Innova Testing is clearly represented by the sender context and the provided website domain, so the account should be analyzed as a QA outsourcing and software quality services provider in the Dominican Republic.
- The core offer is not generic software outsourcing; it is specifically focused on QA outsourcing, test automation, mobile/web testing, and IT project leadership integrated into client teams.
- The best-fit accounts are Dominican software builders or technology teams that need faster delivery, more testing capacity, or specialized QA leadership without hiring a full internal QA org.
- Since the site information available is limited and mostly homepage-level, the safest segmentation is based on observable company type, development activity, and hiring/technology signals rather than speculative internal pain points.
- The strongest fit signal is a company that actively ships software and therefore has recurring QA demand across releases, regression testing, and cross-platform validation.
- Companies with agile delivery practices, Jira/Azure DevOps usage, or public mentions of QA, automation, or mobile/web product work are especially relevant because they align with the service model described in the sender context.
- Companies in the Dominican Republic are the primary geographic target, but the offering can extend to nearby or international software firms if they have teams that can integrate remotely and need external QA support.
- The most valuable opportunities are likely firms that are scaling product delivery, launching new digital products, or repeatedly hiring for QA and automation roles, because those conditions suggest immediate demand and budget relevance.
- Companies that build software but insist on fully internal delivery models are weaker prospects, even if they fit the industry profile.
- Non-software businesses without a real application, platform, or product development function should be treated as poor fits because the service is built around integrating into software teams.

icp fit criteria
- Companies based in the Dominican Republic or serving the Dominican market, especially if they have software delivery teams or digital product groups.
- Firms in technology, software, IT services, SaaS, fintech, e-commerce, telecom, or digital product development where testing is part of the delivery process.
- Organizations with an internal engineering, development, or QA function that could benefit from external specialists embedded into the team.
- Teams using common delivery tooling such as Jira, Azure DevOps, or agile workflows, since the service is designed to integrate into those environments.
- Companies that release web apps, mobile apps, platforms, or custom software and therefore need repeated testing across browsers, devices, and environments.
- Businesses that appear large enough to have recurring releases but not so mature that they already operate a fully built-in QA center of excellence.
- Organizations that may need support in manual testing, regression testing, mobile validation, or coordinated QA execution but have not clearly standardized all of those capabilities in-house.
- Companies whose public materials show active product development, digital transformation, or multiple software releases per year.

high_value_fit_criteria
- Public job postings for QA analysts, test automation engineers, mobile testers, scrum masters, or QA leads, because they indicate current scaling pressure and likely demand for outsourced support.
- Evidence of rapid product growth, such as new app launches, feature-release announcements, or expansion of a digital platform that will increase testing volume.
- Companies that mention or show use of Selenium, Cypress, Appium, Jira, or Azure DevOps in their job posts, engineering pages, or technical content, since that aligns tightly with the service stack.
- Firms with multiple software products, multiple releases, or multi-platform apps because cross-browser and cross-device testing needs tend to grow with product complexity.
- Dominican companies undergoing digital transformation, modernization, or migration from manual processes to software-driven operations, since they often need short-term QA acceleration.
- Companies that publicly reference agile delivery, fast release cycles, or DevOps practices, because outsourced QA and automation usually deliver clearer ROI in those environments.
- Organizations with visible quality, stability, or UX-sensitive products such as banking, fintech, healthcare software, logistics platforms, or consumer apps.
- Accounts that appear to be building a team but have few or no dedicated QA hires, suggesting a gap that outsourcing can fill faster than internal hiring.
- Any company with a public need for mobile app validation on Android and iOS, as well as web compatibility testing, because those are core service strengths.
- Companies that have partnered publicly with technology vendors or integration partners and therefore may be open to external specialized service relationships.

disqualification_criteria
- Companies that do not develop or operate software products, including businesses whose websites show only informational, offline, or non-digital operations.
- Organizations that explicitly state a preference for 100% internal teams and no outsourcing for QA or development work.
- Businesses outside the relevant operating model, such as firms with no recurring software releases, no application layer, or no need for testing across web or mobile environments.
- Very small companies with no evidence of a development functio"
.,"",Cold,RD - Tech Companies,180,retail,quezadadominguez@gmail.com,"",http://www.linkedin.com/company/los-angeles-county-department-of-public-health,"","",Calle B,Santo Domingo,Distrito Nacional,Dominican Republic,11105,"Calle B, Santo Domingo, Distrito Nacional, Dominican Republic, 11105","it system testing & evaluation, information technology & services",'+1 809-533-8131,"Cloudflare DNS, Outlook, Microsoft Office 365, CloudFlare Hosting, Bootstrap Framework, WordPress.org, Mobile Friendly, Google Font API, reCAPTCHA, Gusto, AI","","","","","","",6a2880b2780af90001b40f87,6a2880b2780af90001b40f87,"","",.,2013,https://zenprospect-production.s3.amazonaws.com/uploads/pictures/677cbf1a9ea43b000120c7f6/picture,"","","","","reasoning_and_general_analysis
- Innova Testing is clearly represented by the sender context and the provided website domain, so the account should be analyzed as a QA outsourcing and software quality services provider in the Dominican Republic.
- The core offer is not generic software outsourcing; it is specifically focused on QA outsourcing, test automation, mobile/web testing, and IT project leadership integrated into client teams.
- The best-fit accounts are Dominican software builders or technology teams that need faster delivery, more testing capacity, or specialized QA leadership without hiring a full internal QA org.
- Since the site information available is limited and mostly homepage-level, the safest segmentation is based on observable company type, development activity, and hiring/technology signals rather than speculative internal pain points.
- The strongest fit signal is a company that actively ships software and therefore has recurring QA demand across releases, regression testing, and cross-platform validation.
- Companies with agile delivery practices, Jira/Azure DevOps usage, or public mentions of QA, automation, or mobile/web product work are especially relevant because they align with the service model described in the sender context.
- Companies in the Dominican Republic are the primary geographic target, but the offering can extend to nearby or international software firms if they have teams that can integrate remotely and need external QA support.
- The most valuable opportunities are likely firms that are scaling product delivery, launching new digital products, or repeatedly hiring for QA and automation roles, because those conditions suggest immediate demand and budget relevance.
- Companies that build software but insist on fully internal delivery models are weaker prospects, even if they fit the industry profile.
- Non-software businesses without a real application, platform, or product development function should be treated as poor fits because the service is built around integrating into software teams.

icp fit criteria
- Companies based in the Dominican Republic or serving the Dominican market, especially if they have software delivery teams or digital product groups.
- Firms in technology, software, IT services, SaaS, fintech, e-commerce, telecom, or digital product development where testing is part of the delivery process.
- Organizations with an internal engineering, development, or QA function that could benefit from external specialists embedded into the team.
- Teams using common delivery tooling such as Jira, Azure DevOps, or agile workflows, since the service is designed to integrate into those environments.
- Companies that release web apps, mobile apps, platforms, or custom software and therefore need repeated testing across browsers, devices, and environments.
- Businesses that appear large enough to have recurring releases but not so mature that they already operate a fully built-in QA center of excellence.
- Organizations that may need support in manual testing, regression testing, mobile validation, or coordinated QA execution but have not clearly standardized all of those capabilities in-house.
- Companies whose public materials show active product development, digital transformation, or multiple software releases per year.

high_value_fit_criteria
- Public job postings for QA analysts, test automation engineers, mobile testers, scrum masters, or QA leads, because they indicate current scaling pressure and likely demand for outsourced support.
- Evidence of rapid product growth, such as new app launches, feature-release announcements, or expansion of a digital platform that will increase testing volume.
- Companies that mention or show use of Selenium, Cypress, Appium, Jira, or Azure DevOps in their job posts, engineering pages, or technical content, since that aligns tightly with the service stack.
- Firms with multiple software products, multiple releases, or multi-platform apps because cross-browser and cross-device testing needs tend to grow with product complexity.
- Dominican companies undergoing digital transformation, modernization, or migration from manual processes to software-driven operations, since they often need short-term QA acceleration.
- Companies that publicly reference agile delivery, fast release cycles, or DevOps practices, because outsourced QA and automation usually deliver clearer ROI in those environments.
- Organizations with visible quality, stability, or UX-sensitive products such as banking, fintech, healthcare software, logistics platforms, or consumer apps.
- Accounts that appear to be building a team but have few or no dedicated QA hires, suggesting a gap that outsourcing can fill faster than internal hiring.
- Any company with a public need for mobile app validation on Android and iOS, as well as web compatibility testing, because those are core service strengths.
- Companies that have partnered publicly with technology vendors or integration partners and therefore may be open to external specialized service relationships.

disqualification_criteria
- Companies that do not develop or operate software products, including businesses whose websites show only informational, offline, or non-digital operations.
- Organizations that explicitly state a preference for 100% internal teams and no outsourcing for QA or development work.
- Businesses outside the relevant operating model, such as firms with no recurring software releases, no application layer, or no need for testing across web or mobile environments.
- Very small companies with no evidence of a development functio"
ForTech,ForTech,Cold,RD - Tech Companies,55,information technology & services,quezadadominguez@gmail.com,http://www.fortechint.com,http://www.linkedin.com/company/fortechint,https://www.facebook.com/Fortechint,"",Avenida Carlos Perez Ricart,Santo Domingo,Distrito Nacional,Dominican Republic,10506,"Avenida Carlos Perez Ricart, Santo Domingo, Distrito Nacional, Dominican Republic, 10506","sistemas de contabilidad, software, consultoria de procesos, erp, consultoria de operaciones, regional ierp, financial technology, cloud platform, operational efficiency, software as a service, microsoft dynamics, latin america solutions, cloud solutions, consulting, services, atina virtual assistant, facturación electrónica, business intelligence, ai algorithms, netsuite representation, financial reporting, government, ai conversational agent, artificial intelligence, regional technology provider, cloud security, software integration, cloud software for microenterprises, enterprise resource planning, customer relationship management, enterprise software, adm financials, project management, microsoft azure, facturación electrónica en latam, b2b, cloud erp modular, computer systems design and related services, cloud computing, accounting live, machine learning, software development, regional cloud erp, ai-powered software, digital innovation, business management software, it consulting, cloud erp, business automation, information technology, erp software, enterprise automation, cloud-based erp, adm cloud, cloud services, supply chain management, digital transformation, ai integration, generative ai, finance, information technology & services, finance technology, financial services, saas, computer software, enterprises, analytics, crm, sales, productivity, management consulting, logistics & supply chain","","Outlook, Google Cloud Hosting, Slack, webpack, Wix, Wix.com, Viewport Meta, Varnish, Mobile Friendly, AI","","","","","","",6a287e125731b3000183899c,6a287e125731b3000183899c,7375,54151,"Fortech, located in West Chester, Ohio, is a software company with over 25 years of experience in Manufacturing Execution Systems (MES). Founded in 1995 to enhance manufacturing efficiencies for Procter & Gamble, Fortech has developed the manuFACT™ MES platform, which helps manufacturers increase production, reduce downtime, and minimize waste.

The manuFACT™ platform is a multilingual suite available in a cloud-based architecture, allowing for real-time visibility and process control. Key offerings include the Downtime Viewer, which provides real-time analysis of unplanned downtime, and the Video Event Capture, a patented technology that automatically detects manufacturing events. Fortech also offers services such as system integration, application development, and business process management, with expertise in various database systems.

Fortech has established long-term partnerships with notable clients, including Procter & Gamble, Sun Chemical, Kellogg's, and Duracell, showcasing its commitment to optimizing manufacturing operations across various industries.",2000,https://zenprospect-production.s3.amazonaws.com/uploads/pictures/66e7a1a9f6d6700001d237c0/picture,"","","Detailed log of research steps taken
- Used the provided target URL as the primary anchor: https://fortechint.com.
- Reviewed the supplied context about Innova Testing’s ICP, offer, and disqualification criteria to frame the research around software development, QA needs, testing automation, agile delivery, and Dominican-market fit.
- Examined the available search results; however, the results returned were generic research articles and unrelated Target Corporation pages, not evidence about fortechint.com.
- No company-specific pages from fortechint.com were present in the supplied results, so no verified claims about Fortechint’s business, products, geography, hiring, or technologies could be extracted from the search set.
- Because the instructions require objective reporting only from explicitly encountered facts, the findings below are limited to what was directly observable from the prompt and the lack of corroborating source material.

Description of business and business model
- No directly verifiable business description for fortechint.com was available in the provided search results.
- The only company-specific signal in the prompt is a job opening for a junior accountant, which suggests Fortechint has a finance/accounting hiring need, but not necessarily whether it operates software development, IT services, or another business model.
- No website pages, product descriptions, customer lists, case studies, or “about” information for Fortechint were provided in the accessible sources.

Observed indicators of fit
- The only concrete hiring signal provided is a junior accountant role, which is not a direct indicator of software development or QA demand.
- No explicit evidence was encountered showing Fortechint builds software, ships web/mobile products, uses agile delivery tooling, or has QA automation needs.
- No information was encountered about Dominican Republic operations, technology teams, or internal engineering functions that would align with Innova Testing’s ICP.

Observed indicators of disqualification
- No evidence was encountered that Fortechint is a software company or operates a product-development organization.
- The identified opening for junior accountant is not, by itself, a qualification signal for QA outsourcing or test automation.
- No public signal was encountered indicating an active need for QA analysts, automation engineers, mobile testers, or QA leadership.
- No evidence was encountered of Jira, Azure DevOps, Selenium, Cypress, Appium, or similar tooling that would suggest a fit with Innova Testing’s delivery model.

Relevant company news or updates identified
- No Fortechint-specific news, product updates, press releases, or recent company announcements were identified in the provided source set.

Relevant technologies identified in tech stack
- None explicitly verified from the provided sources.
- The prompt’s tech stack list includes: outlook, google_cloud_hosting, slack, webpack, wix, wixcom, viewport_meta, varnish, mobile_friendly, ai.
- Of these, only wix / wixcom and mobile_friendly could be inferred as website/platform signals from the stack list itself, but this was not independently verified from a Fortechint page in the supplied sources.

Relevant job openings and hiring needs
- junior accountant",Not Enough Information,"reasoning_and_general_analysis
- Innova Testing is clearly represented by the sender context and the provided website domain, so the account should be analyzed as a QA outsourcing and software quality services provider in the Dominican Republic.
- The core offer is not generic software outsourcing; it is specifically focused on QA outsourcing, test automation, mobile/web testing, and IT project leadership integrated into client teams.
- The best-fit accounts are Dominican software builders or technology teams that need faster delivery, more testing capacity, or specialized QA leadership without hiring a full internal QA org.
- Since the site information available is limited and mostly homepage-level, the safest segmentation is based on observable company type, development activity, and hiring/technology signals rather than speculative internal pain points.
- The strongest fit signal is a company that actively ships software and therefore has recurring QA demand across releases, regression testing, and cross-platform validation.
- Companies with agile delivery practices, Jira/Azure DevOps usage, or public mentions of QA, automation, or mobile/web product work are especially relevant because they align with the service model described in the sender context.
- Companies in the Dominican Republic are the primary geographic target, but the offering can extend to nearby or international software firms if they have teams that can integrate remotely and need external QA support.
- The most valuable opportunities are likely firms that are scaling product delivery, launching new digital products, or repeatedly hiring for QA and automation roles, because those conditions suggest immediate demand and budget relevance.
- Companies that build software but insist on fully internal delivery models are weaker prospects, even if they fit the industry profile.
- Non-software businesses without a real application, platform, or product development function should be treated as poor fits because the service is built around integrating into software teams.

icp fit criteria
- Companies based in the Dominican Republic or serving the Dominican market, especially if they have software delivery teams or digital product groups.
- Firms in technology, software, IT services, SaaS, fintech, e-commerce, telecom, or digital product development where testing is part of the delivery process.
- Organizations with an internal engineering, development, or QA function that could benefit from external specialists embedded into the team.
- Teams using common delivery tooling such as Jira, Azure DevOps, or agile workflows, since the service is designed to integrate into those environments.
- Companies that release web apps, mobile apps, platforms, or custom software and therefore need repeated testing across browsers, devices, and environments.
- Businesses that appear large enough to have recurring releases but not so mature that they already operate a fully built-in QA center of excellence.
- Organizations that may need support in manual testing, regression testing, mobile validation, or coordinated QA execution but have not clearly standardized all of those capabilities in-house.
- Companies whose public materials show active product development, digital transformation, or multiple software releases per year.

high_value_fit_criteria
- Public job postings for QA analysts, test automation engineers, mobile testers, scrum masters, or QA leads, because they indicate current scaling pressure and likely demand for outsourced support.
- Evidence of rapid product growth, such as new app launches, feature-release announcements, or expansion of a digital platform that will increase testing volume.
- Companies that mention or show use of Selenium, Cypress, Appium, Jira, or Azure DevOps in their job posts, engineering pages, or technical content, since that aligns tightly with the service stack.
- Firms with multiple software products, multiple releases, or multi-platform apps because cross-browser and cross-device testing needs tend to grow with product complexity.
- Dominican companies undergoing digital transformation, modernization, or migration from manual processes to software-driven operations, since they often need short-term QA acceleration.
- Companies that publicly reference agile delivery, fast release cycles, or DevOps practices, because outsourced QA and automation usually deliver clearer ROI in those environments.
- Organizations with visible quality, stability, or UX-sensitive products such as banking, fintech, healthcare software, logistics platforms, or consumer apps.
- Accounts that appear to be building a team but have few or no dedicated QA hires, suggesting a gap that outsourcing can fill faster than internal hiring.
- Any company with a public need for mobile app validation on Android and iOS, as well as web compatibility testing, because those are core service strengths.
- Companies that have partnered publicly with technology vendors or integration partners and therefore may be open to external specialized service relationships.

disqualification_criteria
- Companies that do not develop or operate software products, including businesses whose websites show only informational, offline, or non-digital operations.
- Organizations that explicitly state a preference for 100% internal teams and no outsourcing for QA or development work.
- Businesses outside the relevant operating model, such as firms with no recurring software releases, no application layer, or no need for testing across web or mobile environments.
- Very small companies with no evidence of a development functio"
KCP Dynamics In,KCP Dynamics In,Cold,RD - Tech Companies,82,information technology & services,quezadadominguez@gmail.com,http://www.kcpdynamics.com,http://www.linkedin.com/company/kcpdynamics,https://facebook.com/kcpdynamics,https://twitter.com/KCPDynamics,11 Avenida Gustavo Mejia Ricart,Santo Domingo,National District,Dominican Republic,10121,"11 Avenida Gustavo Mejia Ricart, Santo Domingo, National District, Dominican Republic, 10121","erp implementation, training, office365, process improvement, dynamics 365 business central, design & development, analysis, dynamics 365, daas, quality assurance, dynamics crm, azure, microsoft dynamics, dynamics ax, customer support, powerbi, dynamics 365 finance operations, dynamics nav, dynamics365, business consulting, custom software, cloud computing, localization, power platform, business process customization, data management, operational efficiency, financial services, regulatory compliance, localization packages for latam, project management, automation, inventory management, localización regional, customer engagement, cloud solutions, manufacturing, customer experience, b2b, ai integration, microsoft dynamics 365, latam regional solutions, payroll software, computer systems design and related services, customer relationship management, erp, business intelligence, software development, data analytics, supply chain optimization, digital transformation, finance & operations, financial management, local compliance tools, cloud infrastructure, industry-specific modules, financial reporting, business management solutions, cloud migration services, machine learning, consulting, data security, data visualization, application development, distribution & logistics, supply chain management, process automation, business central, crm, payroll solutions colombia, retail, information technology and services, business process automation, regulatory adherence, services, enterprise software, transformación digital, industry sector solutions, e-commerce, finance, distribution, transportation & logistics, management consulting, enterprises, computer software, information technology & services, productivity, mechanical or industrial engineering, sales, analytics, internet infrastructure, internet, artificial intelligence, computer & network security, app development, apps, logistics & supply chain, consumer internet, consumers",'+1 619-800-4191,"Rackspace MailGun, Sendgrid, Outlook, Microsoft Office 365, Slack, Hubspot, WordPress.org, Mobile Friendly, Google Font API, Google Tag Manager, Nginx, Gusto","","","","",385000,"",6a2880b2780af90001b40f86,6a2880b2780af90001b40f86,"7375, 7373",541512,"KCP Dynamics is a global provider of business solutions, specializing in Microsoft Dynamics implementations. Headquartered in Miami, Florida, the company has offices in Colombia, the United States, and the Dominican Republic. Founded in 1996 or 2012, KCP Dynamics employs around 60-75 people and generates approximately $17 million in annual revenue. The team includes over 200 experienced professionals skilled in business analysis, software implementation, and Microsoft Dynamics consulting.

KCP Dynamics offers a comprehensive range of services for Microsoft Dynamics products, including requirements gathering, process improvement, implementation, and ongoing support. They provide global software implementations for Microsoft Dynamics NAV, AX, CRM, 365 for Finance & Operations, Business Central, and Power Platform. The company also specializes in Microsoft 365 implementation and migration, ensuring enhanced collaboration and security. Their tailored solutions include the KCP Dynamics BC Quick Start for small businesses and payroll management services for Colombia.",2012,https://zenprospect-production.s3.amazonaws.com/uploads/pictures/678216372d856400019d2523/picture,"","","Detailed log of research steps taken
- Used the provided target URL as the primary identifier: kcpdynamics.com.
- Checked the homepage-level company signal available from the prompt context and the provided technology stack.
- Reviewed the available search results, but the returned results were unrelated to the target domain and did not provide verifiable company-specific information for KCP Dynamics.
- Because no company pages, careers pages, product pages, press pages, or other target-specific sources were provided in the search results, no additional website-based facts could be confirmed from the supplied materials.
- No job postings were found for the target company in the prompt context.
- As a result, the report below is limited to objective facts that can be directly supported by the provided context and the absence of evidence in the supplied materials.

Description of business and business model
KCP Dynamics appears to be a company identified by the domain kcpdynamics.com, but the supplied materials do not include enough verifiable page content to describe its business model in detail. No specific software products, services, industry focus, geography, or operating model were confirmed from the available sources. The only concrete data available for analysis is that there were no job postings found in the supplied prompt context.

Observed indicators of fit
Could this company be a fit? Based on the available evidence, there are no confirmed fit indicators because no product, engineering, QA, or software-development details were surfaced from the provided sources. There is also no visible evidence in the supplied materials that KCP Dynamics operates as a software company in the Dominican Republic or that it needs outsourced QA support. The absence of public hiring signals for QA, automation, or software roles removes one of the strongest indicators of fit for Innova Testing.

Observed indicators of disqualification
Do they meet meet any qualification requirements? The provided materials do not confirm that KCP Dynamics develops software, operates a digital product, or has an internal engineering team that would benefit from QA outsourcing. There is also no evidence that the company is Dominican, technology-focused, or using agile delivery tooling such as Jira or Azure DevOps. Because the available evidence is sparse, no explicit disqualification criterion can be proven from the supplied sources alone.

Relevant company news or updates identified
- No company news, product announcements, press releases, blog posts, or public updates were identified in the provided materials for kcpdynamics.com.

Relevant technologies identified in tech stack
- WordPress
- Google Tag Manager
- Google Font API
- Nginx
- SendGrid
- Rackspace Mailgun
- Office 365
- Outlook
- Slack
- HubSpot
- Mobile-friendly
- Gusto

Relevant job openings and hiring needs
- No relevant job openings were mentioned.",Not Enough Information,"reasoning_and_general_analysis
- Innova Testing is clearly represented by the sender context and the provided website domain, so the account should be analyzed as a QA outsourcing and software quality services provider in the Dominican Republic.
- The core offer is not generic software outsourcing; it is specifically focused on QA outsourcing, test automation, mobile/web testing, and IT project leadership integrated into client teams.
- The best-fit accounts are Dominican software builders or technology teams that need faster delivery, more testing capacity, or specialized QA leadership without hiring a full internal QA org.
- Since the site information available is limited and mostly homepage-level, the safest segmentation is based on observable company type, development activity, and hiring/technology signals rather than speculative internal pain points.
- The strongest fit signal is a company that actively ships software and therefore has recurring QA demand across releases, regression testing, and cross-platform validation.
- Companies with agile delivery practices, Jira/Azure DevOps usage, or public mentions of QA, automation, or mobile/web product work are especially relevant because they align with the service model described in the sender context.
- Companies in the Dominican Republic are the primary geographic target, but the offering can extend to nearby or international software firms if they have teams that can integrate remotely and need external QA support.
- The most valuable opportunities are likely firms that are scaling product delivery, launching new digital products, or repeatedly hiring for QA and automation roles, because those conditions suggest immediate demand and budget relevance.
- Companies that build software but insist on fully internal delivery models are weaker prospects, even if they fit the industry profile.
- Non-software businesses without a real application, platform, or product development function should be treated as poor fits because the service is built around integrating into software teams.

icp fit criteria
- Companies based in the Dominican Republic or serving the Dominican market, especially if they have software delivery teams or digital product groups.
- Firms in technology, software, IT services, SaaS, fintech, e-commerce, telecom, or digital product development where testing is part of the delivery process.
- Organizations with an internal engineering, development, or QA function that could benefit from external specialists embedded into the team.
- Teams using common delivery tooling such as Jira, Azure DevOps, or agile workflows, since the service is designed to integrate into those environments.
- Companies that release web apps, mobile apps, platforms, or custom software and therefore need repeated testing across browsers, devices, and environments.
- Businesses that appear large enough to have recurring releases but not so mature that they already operate a fully built-in QA center of excellence.
- Organizations that may need support in manual testing, regression testing, mobile validation, or coordinated QA execution but have not clearly standardized all of those capabilities in-house.
- Companies whose public materials show active product development, digital transformation, or multiple software releases per year.

high_value_fit_criteria
- Public job postings for QA analysts, test automation engineers, mobile testers, scrum masters, or QA leads, because they indicate current scaling pressure and likely demand for outsourced support.
- Evidence of rapid product growth, such as new app launches, feature-release announcements, or expansion of a digital platform that will increase testing volume.
- Companies that mention or show use of Selenium, Cypress, Appium, Jira, or Azure DevOps in their job posts, engineering pages, or technical content, since that aligns tightly with the service stack.
- Firms with multiple software products, multiple releases, or multi-platform apps because cross-browser and cross-device testing needs tend to grow with product complexity.
- Dominican companies undergoing digital transformation, modernization, or migration from manual processes to software-driven operations, since they often need short-term QA acceleration.
- Companies that publicly reference agile delivery, fast release cycles, or DevOps practices, because outsourced QA and automation usually deliver clearer ROI in those environments.
- Organizations with visible quality, stability, or UX-sensitive products such as banking, fintech, healthcare software, logistics platforms, or consumer apps.
- Accounts that appear to be building a team but have few or no dedicated QA hires, suggesting a gap that outsourcing can fill faster than internal hiring.
- Any company with a public need for mobile app validation on Android and iOS, as well as web compatibility testing, because those are core service strengths.
- Companies that have partnered publicly with technology vendors or integration partners and therefore may be open to external specialized service relationships.

disqualification_criteria
- Companies that do not develop or operate software products, including businesses whose websites show only informational, offline, or non-digital operations.
- Organizations that explicitly state a preference for 100% internal teams and no outsourcing for QA or development work.
- Businesses outside the relevant operating model, such as firms with no recurring software releases, no application layer, or no need for testing across web or mobile environments.
- Very small companies with no evidence of a development functio"
ISISA,ISISA,Cold,RD - Tech Companies,60,information technology & services,quezadadominguez@gmail.com,http://www.isisa.com.do,http://www.linkedin.com/company/isisa,"","",Calle 5 & Desiderio Arias,Santo Domingo,Distrito Nacional,Dominican Republic,10109,"Calle 5 & Desiderio Arias, Santo Domingo, Distrito Nacional, Dominican Republic, 10109",telecomunications,'+1 809-533-0050,"","","","","","","",6a2880b2780af90001b40f8c,6a2880b2780af90001b40f8c,"7373, 4813","541512, 517810","ISISA (Integradores de Sistemas de Información, S.A.) is a company based in the Dominican Republic, established in 1994 or 1995. It specializes in integrating information technology and telecommunications solutions within the IT services sector. The company has a workforce of 10-50 employees and focuses primarily on the information technology and telecommunications industries.

ISISA is dedicated to providing IT services, particularly in system integration. The company aims to deliver effective technological solutions that enhance communication and information management.",1994,https://zenprospect-production.s3.amazonaws.com/uploads/pictures/66f9d38bc76a640001191ed5/picture,"","","Detailed log of research steps taken
- Began with the provided target URL https://isisa.com.do to verify the account identity and look for homepage, about, services, careers, news, and technology signals relevant to QA outsourcing qualification.
- Cross-checked the provided search results for any direct references to Isisa / isisa.com.do; the returned results did not include company-specific pages for this domain, so no primary-site facts could be confirmed from the search set.
- Reviewed all available search results and found they were unrelated research/how-to articles and general Target Corporation pages, not sources about https://isisa.com.do.
- Because no company-specific search result content was available for the target domain, no further factual claims could be validated beyond the existence of the URL itself.
- No job-posting pages were found for https://isisa.com.do in the provided results, so no hiring signals could be extracted.

Description of business and business model
No verifiable public information about https://isisa.com.do was available in the provided sources, so the company’s business model, services, industry, and geography could not be confirmed from the search results. The available results did not contain identifiable content about this domain or its offerings.

Observed indicators of fit
No objective fit indicators could be confirmed from the provided sources. There is no verified evidence in the search results that https://isisa.com.do develops software, operates digital products, or has QA-related needs aligned with Innova Testing’s outsourcing, automation, or mobile/web testing services.

Observed indicators of disqualification
No objective disqualification indicators could be confirmed from the provided sources either. However, because the available results do not verify that https://isisa.com.do is a software company or has an internal development function, there is insufficient evidence to establish alignment with Innova Testing’s ICP.

Relevant company news or updates identified
No company-specific news, announcements, product updates, leadership changes, or press coverage for https://isisa.com.do were identified in the provided search results.

Relevant technologies identified in tech stack
None identified from the provided sources.

Relevant job openings and hiring needs
",Not Enough Information,"reasoning_and_general_analysis
- Innova Testing is clearly represented by the sender context and the provided website domain, so the account should be analyzed as a QA outsourcing and software quality services provider in the Dominican Republic.
- The core offer is not generic software outsourcing; it is specifically focused on QA outsourcing, test automation, mobile/web testing, and IT project leadership integrated into client teams.
- The best-fit accounts are Dominican software builders or technology teams that need faster delivery, more testing capacity, or specialized QA leadership without hiring a full internal QA org.
- Since the site information available is limited and mostly homepage-level, the safest segmentation is based on observable company type, development activity, and hiring/technology signals rather than speculative internal pain points.
- The strongest fit signal is a company that actively ships software and therefore has recurring QA demand across releases, regression testing, and cross-platform validation.
- Companies with agile delivery practices, Jira/Azure DevOps usage, or public mentions of QA, automation, or mobile/web product work are especially relevant because they align with the service model described in the sender context.
- Companies in the Dominican Republic are the primary geographic target, but the offering can extend to nearby or international software firms if they have teams that can integrate remotely and need external QA support.
- The most valuable opportunities are likely firms that are scaling product delivery, launching new digital products, or repeatedly hiring for QA and automation roles, because those conditions suggest immediate demand and budget relevance.
- Companies that build software but insist on fully internal delivery models are weaker prospects, even if they fit the industry profile.
- Non-software businesses without a real application, platform, or product development function should be treated as poor fits because the service is built around integrating into software teams.

icp fit criteria
- Companies based in the Dominican Republic or serving the Dominican market, especially if they have software delivery teams or digital product groups.
- Firms in technology, software, IT services, SaaS, fintech, e-commerce, telecom, or digital product development where testing is part of the delivery process.
- Organizations with an internal engineering, development, or QA function that could benefit from external specialists embedded into the team.
- Teams using common delivery tooling such as Jira, Azure DevOps, or agile workflows, since the service is designed to integrate into those environments.
- Companies that release web apps, mobile apps, platforms, or custom software and therefore need repeated testing across browsers, devices, and environments.
- Businesses that appear large enough to have recurring releases but not so mature that they already operate a fully built-in QA center of excellence.
- Organizations that may need support in manual testing, regression testing, mobile validation, or coordinated QA execution but have not clearly standardized all of those capabilities in-house.
- Companies whose public materials show active product development, digital transformation, or multiple software releases per year.

high_value_fit_criteria
- Public job postings for QA analysts, test automation engineers, mobile testers, scrum masters, or QA leads, because they indicate current scaling pressure and likely demand for outsourced support.
- Evidence of rapid product growth, such as new app launches, feature-release announcements, or expansion of a digital platform that will increase testing volume.
- Companies that mention or show use of Selenium, Cypress, Appium, Jira, or Azure DevOps in their job posts, engineering pages, or technical content, since that aligns tightly with the service stack.
- Firms with multiple software products, multiple releases, or multi-platform apps because cross-browser and cross-device testing needs tend to grow with product complexity.
- Dominican companies undergoing digital transformation, modernization, or migration from manual processes to software-driven operations, since they often need short-term QA acceleration.
- Companies that publicly reference agile delivery, fast release cycles, or DevOps practices, because outsourced QA and automation usually deliver clearer ROI in those environments.
- Organizations with visible quality, stability, or UX-sensitive products such as banking, fintech, healthcare software, logistics platforms, or consumer apps.
- Accounts that appear to be building a team but have few or no dedicated QA hires, suggesting a gap that outsourcing can fill faster than internal hiring.
- Any company with a public need for mobile app validation on Android and iOS, as well as web compatibility testing, because those are core service strengths.
- Companies that have partnered publicly with technology vendors or integration partners and therefore may be open to external specialized service relationships.

disqualification_criteria
- Companies that do not develop or operate software products, including businesses whose websites show only informational, offline, or non-digital operations.
- Organizations that explicitly state a preference for 100% internal teams and no outsourcing for QA or development work.
- Businesses outside the relevant operating model, such as firms with no recurring software releases, no application layer, or no need for testing across web or mobile environments.
- Very small companies with no evidence of a development functio"
